codigo_region,region,codigo_comuna,comuna,3/15/2020,3/16/2020,3/17/2020,3/18/2020,3/19/2020,3/20/2020,3/21/2020,3/22/2020,3/23/2020,3/24/2020,3/25/2020,3/26/2020,3/27/2020,3/28/2020,3/29/2020,3/30/2020,3/31/2020,4/1/2020,4/2/2020,4/3/2020,4/4/2020,4/5/2020,4/6/2020,4/7/2020,4/8/2020,4/9/2020,4/10/2020,4/11/2020,4/12/2020,4/13/2020,4/14/2020,4/15/2020,4/16/2020,4/17/2020,4/18/2020,4/19/2020,4/20/2020,4/21/2020,4/22/2020,4/23/2020,4/24/2020,4/25/2020,4/26/2020,4/27/2020,4/28/2020,4/29/2020,4/30/2020,5/1/2020,5/2/2020,5/3/2020,5/4/2020,5/5/2020,5/6/2020,5/7/2020,5/8/2020
15,Arica y Parinacota,15101,Arica,0,0,0,0,1,1,1,2,2,2,2,3,3,3,4,6,6,6,7,12,12,28,41,53,63,75,87,107,115,115,120,124,129,134,143,147,166,173,180,202,224,235,247,270,273,276,282,297,309,310,310,317,320,326,328
15,Arica y Parinacota,15102,Camarones,-,-,-,-,-,-,-,-,-,-,-,-,-,-,-,-,-,-,-,-,-,-,-,-,-,-,-,-,-,0,0,0,0,0,0,0,0,0,0,0,0,0,0,0,0,0,0,0,0,0,0,0,0,0,0
15,Arica y Parinacota,15202,General Lagos,-,-,-,-,-,-,-,-,-,-,-,-,-,-,-,-,-,-,-,-,-,-,-,-,-,-,-,-,-,0,0,0,0,0,0,0,0,0,0,0,0,0,0,0,0,0,0,0,0,0,0,0,0,0,0
15,Arica y Parinacota,15201,Putre,-,-,-,-,-,-,-,-,-,-,-,-,-,-,-,-,-,-,-,-,-,-,-,-,-,-,-,-,-,0,0,0,0,0,0,0,0,0,0,0,0,0,0,0,0,0,0,0,0,0,0,0,0,0,0
1,Tarapacá,1107,Alto Hospicio,-,-,-,-,-,-,-,-,-,-,-,-,-,-,-,-,-,1,2,3,4,5,5,5,6,7,10,11,13,14,15,15,15,16,20,25,27,30,33,37,39,44,51,55,58,67,76,77,83,116,128,133,136,152,161
1,Tarapacá,1402,Camiña,-,-,-,-,-,-,-,-,-,-,-,-,-,-,-,-,-,-,-,-,-,-,-,-,-,-,-,-,-,0,0,0,0,0,0,0,0,0,0,0,0,0,0,0,0,0,0,0,0,0,0,0,0,0,0
1,Tarapacá,1403,Colchane,-,-,-,-,-,-,-,-,-,-,-,-,-,-,-,-,-,-,-,-,-,-,-,-,-,-,-,-,-,0,0,0,0,0,0,0,0,0,0,0,0,0,0,0,0,0,0,0,0,0,0,0,0,0,0
1,Tarapacá,1404,Huara,-,-,-,-,-,-,-,-,-,-,-,-,-,-,-,-,-,-,-,-,-,-,-,-,-,-,-,-,-,0,0,0,0,0,0,0,0,0,0,0,0,0,0,0,0,0,0,0,0,2,3,3,3,5,6
1,Tarapacá,1101,Iquique,0,0,0,0,0,0,0,0,1,3,3,3,3,3,4,5,9,9,10,10,12,13,13,14,16,17,18,19,23,26,26,26,28,31,33,35,36,42,47,55,58,63,70,75,77,83,89,90,94,114,122,144,158,220,253
1,Tarapacá,1405,Pica,-,-,-,-,-,-,-,-,-,-,-,-,-,-,-,-,-,-,-,-,-,-,1,1,2,3,5,6,8,10,19,19,21,24,26,28,28,29,30,31,31,31,31,31,31,31,31,31,31,31,31,32,32,34,35
1,Tarapacá,1401,Pozo Almonte,-,-,-,-,-,-,-,-,-,-,-,-,-,-,-,-,-,-,-,-,-,-,2,2,2,2,2,2,2,2,2,2,2,2,2,2,2,2,2,2,2,2,2,2,2,2,2,2,2,3,3,3,3,4,4
2,Antofagasta,2101,Antofagasta,2,2,2,2,2,5,8,9,9,11,16,17,17,21,22,29,29,32,38,44,45,48,54,55,60,70,82,86,99,106,110,122,133,145,156,173,184,205,231,242,261,273,297,303,317,336,354,378,431,467,479,517,550,580,601
2,Antofagasta,2201,Calama,-,-,-,-,-,-,-,-,-,-,-,-,-,-,-,-,-,3,4,5,5,6,7,7,8,10,13,14,18,20,20,21,21,21,22,24,25,28,31,32,35,40,51,54,57,61,65,71,78,83,84,90,95,99,102
2,Antofagasta,2302,María Elena,-,-,-,-,-,-,-,-,-,-,-,-,-,-,-,-,-,-,-,-,-,-,-,-,-,-,-,-,-,1,1,2,3,4,5,6,6,6,6,6,7,9,12,13,16,20,24,30,33,35,35,39,42,45,47
2,Antofagasta,2102,Mejillones,-,-,-,-,-,-,-,-,-,-,-,-,-,-,-,-,-,-,-,-,-,-,1,1,2,4,6,7,10,12,12,14,16,19,21,25,27,31,37,39,43,49,62,65,67,70,73,77,103,120,126,129,131,133,134
2,Antofagasta,2202,Ollagüe,-,-,-,-,-,-,-,-,-,-,-,-,-,-,-,-,-,-,-,-,-,-,-,-,-,-,-,-,-,0,0,0,0,0,0,0,0,0,0,0,0,0,0,0,0,0,0,0,0,0,0,0,0,0,0
2,Antofagasta,2203,San Pedro de Atacama,-,-,-,-,-,-,-,-,-,-,-,-,-,-,-,-,-,2,3,3,3,3,4,4,4,4,4,4,4,4,4,4,4,4,4,4,4,4,4,4,4,4,4,4,4,4,4,4,4,4,4,4,4,4,4
2,Antofagasta,2103,Sierra Gorda,-,-,-,-,-,-,-,-,-,-,-,-,-,-,-,-,-,-,-,-,-,-,-,-,-,-,-,-,-,0,0,0,0,0,0,0,0,0,0,0,0,0,0,0,0,0,0,0,0,0,0,1,1,2,2
2,Antofagasta,2104,Taltal,-,-,-,-,-,-,-,-,-,-,-,-,-,-,-,-,-,-,-,-,-,-,-,-,1,2,3,3,3,3,4,7,7,7,7,7,7,7,7,7,7,7,7,7,7,7,7,7,8,8,8,8,8,8,8
2,Antofagasta,2301,Tocopilla,-,-,-,-,-,-,-,-,-,-,-,-,-,-,-,-,-,2,2,2,2,2,2,2,2,2,2,2,3,3,4,6,8,11,11,11,11,11,11,11,11,11,11,11,11,11,11,12,13,13,13,13,13,14,14
3,Atacama,3302,Alto del Carmen,-,-,-,-,-,-,-,-,-,-,-,-,-,-,-,-,-,-,-,-,-,-,-,-,-,-,-,-,-,0,0,0,0,0,0,0,0,0,0,0,0,0,0,0,0,0,0,0,0,0,0,0,0,0,0
3,Atacama,3102,Caldera,-,-,-,-,-,-,-,-,-,-,-,-,-,-,-,-,-,-,-,-,-,-,-,-,-,-,-,-,-,0,0,0,0,0,0,0,0,0,0,0,0,0,0,0,0,0,0,0,1,1,1,1,1,1,1
3,Atacama,3201,Chañaral,-,-,-,-,-,-,-,-,-,-,-,-,-,-,-,-,-,-,-,-,-,-,-,-,-,-,-,-,-,0,0,0,0,0,0,0,0,0,0,0,0,0,0,0,0,0,0,0,0,0,0,0,0,0,0
3,Atacama,3101,Copiapó,-,-,-,-,-,-,-,-,-,-,-,-,-,-,-,-,-,2,2,4,4,4,4,4,5,6,8,8,8,8,8,8,8,8,8,8,8,8,8,8,8,8,8,8,8,18,19,19,28,32,34,40,42,47,48
3,Atacama,3202,Diego de Almagro,-,-,-,-,-,-,-,-,-,-,-,-,-,-,-,-,-,1,1,1,1,1,1,1,1,1,1,1,1,1,1,1,1,1,1,1,1,1,1,1,1,1,1,1,1,1,1,1,2,2,2,2,2,2,2
3,Atacama,3303,Freirina,-,-,-,-,-,-,-,-,-,-,-,-,-,-,-,-,-,-,-,-,-,-,-,-,-,-,-,-,-,0,0,0,0,0,0,0,0,0,0,0,0,0,0,1,1,1,1,1,1,1,1,1,1,1,1
3,Atacama,3304,Huasco,-,-,-,-,-,-,-,-,-,-,-,-,-,-,-,-,-,-,-,-,-,-,-,-,-,-,-,-,-,0,0,0,0,0,0,0,1,1,1,1,0,0,0,0,0,0,0,0,1,1,1,1,1,1,1
3,Atacama,3103,Tierra Amarilla,-,-,-,-,-,-,-,-,-,-,-,-,-,-,-,-,-,-,-,-,-,-,-,-,2,3,4,4,4,4,4,4,4,4,4,4,4,4,4,5,5,5,5,6,6,7,7,7,8,9,9,9,9,9,9
3,Atacama,3301,Vallenar,-,-,-,-,-,-,-,-,-,-,-,-,-,-,-,-,-,-,-,-,-,-,-,-,-,-,-,-,-,0,0,0,0,0,0,0,0,0,0,4,7,8,10,13,13,17,17,17,21,23,24,26,26,28,28
4,Coquimbo,4103,Andacollo,-,-,-,-,-,-,-,-,-,-,-,-,-,-,-,-,-,-,-,-,-,-,-,-,-,-,-,-,-,0,0,0,0,0,0,0,0,0,0,0,0,0,0,0,0,0,0,0,0,2,2,2,2,2,3
4,Coquimbo,4202,Canela,-,-,-,-,-,-,-,-,-,-,-,-,-,-,-,-,-,-,-,-,-,-,-,-,-,-,-,-,-,0,0,0,0,0,0,0,0,0,0,0,0,0,0,0,0,0,0,0,0,0,0,0,0,0,1
4,Coquimbo,4302,Combarbalá,-,-,-,-,-,-,-,-,-,-,-,-,-,-,-,-,-,-,-,-,-,-,-,-,-,-,-,-,-,0,0,0,0,0,0,0,0,0,0,0,0,0,0,0,0,0,0,0,0,0,0,0,0,0,0
4,Coquimbo,4102,Coquimbo,0,0,0,0,1,2,2,3,4,7,8,8,9,9,11,17,18,19,19,19,19,19,19,19,19,21,21,21,21,21,21,19,20,20,20,20,23,23,23,23,24,25,25,26,26,28,28,29,29,31,31,32,32,33,35
4,Coquimbo,4201,Illapel,-,-,-,-,-,-,-,-,-,-,-,-,-,-,-,-,-,-,-,-,-,-,7,8,12,13,13,15,17,17,17,19,19,19,19,19,18,18,18,18,18,18,18,18,18,18,18,18,18,19,19,19,19,19,19
4,Coquimbo,4104,La Higuera,-,-,-,-,-,-,-,-,-,-,-,-,-,-,-,-,-,-,-,-,-,-,-,-,-,-,-,-,-,0,0,0,0,0,0,0,0,0,0,0,0,0,0,0,0,0,0,0,0,0,0,0,0,0,0
4,Coquimbo,4101,La Serena,-,-,-,-,-,-,-,-,-,-,-,-,-,-,-,-,-,3,7,8,10,12,12,12,12,12,12,12,12,12,12,12,12,12,12,12,16,16,17,17,18,19,19,19,19,20,20,20,21,26,27,29,29,30,33
4,Coquimbo,4203,Los Vilos,-,-,-,-,-,-,-,-,-,-,-,-,-,-,-,-,-,1,1,1,1,1,1,1,1,1,1,1,1,1,1,1,1,1,1,1,1,1,1,1,1,1,1,1,1,1,1,1,1,1,1,1,1,1,1
4,Coquimbo,4303,Monte Patria,-,-,-,-,-,-,-,-,-,-,-,-,-,-,-,-,-,-,-,-,-,-,-,-,-,-,-,-,-,0,0,0,0,0,0,0,0,0,0,0,0,0,0,0,0,0,0,0,0,0,0,0,0,0,0
4,Coquimbo,4301,Ovalle,0,0,0,0,0,0,0,1,1,2,2,2,2,2,3,4,4,4,4,4,6,7,7,7,7,8,8,8,8,8,8,8,8,8,8,8,9,9,9,9,9,9,9,9,9,10,10,10,10,11,11,13,13,14,16
4,Coquimbo,4105,Paiguano,-,-,-,-,-,-,-,-,-,-,-,-,-,-,-,-,-,-,-,-,-,-,-,-,-,-,-,-,-,0,0,0,0,0,0,0,0,0,0,0,0,0,0,0,0,0,0,0,0,0,0,0,0,0,0
4,Coquimbo,4304,Punitaqui,-,-,-,-,-,-,-,-,-,-,-,-,-,-,-,-,-,-,-,-,-,-,-,-,-,-,-,-,-,0,0,0,0,0,0,0,0,0,0,0,1,1,1,1,1,2,2,2,2,3,3,4,4,4,5
4,Coquimbo,4305,Río Hurtado,-,-,-,-,-,-,-,-,-,-,-,-,-,-,-,-,-,1,1,1,1,1,1,1,1,1,1,1,1,1,1,1,1,1,1,1,1,1,1,1,1,1,1,1,1,1,1,1,1,1,1,1,1,1,1
4,Coquimbo,4204,Salamanca,-,-,-,-,-,-,-,-,-,-,-,-,-,-,-,-,-,2,2,2,3,4,4,4,4,5,5,6,6,6,6,6,7,7,7,7,7,7,7,7,7,7,7,7,7,7,7,7,7,8,8,8,8,8,9
4,Coquimbo,4106,Vicuña,-,-,-,-,-,-,-,-,-,-,-,-,-,-,-,-,-,-,-,-,-,-,-,-,-,-,-,-,-,0,0,0,0,0,0,0,0,0,0,0,0,0,0,0,0,0,0,0,0,1,1,1,1,1,1
5,Valparaíso,5602,Algarrobo,0,0,0,0,0,0,1,1,1,2,2,3,3,5,5,7,7,7,8,9,9,9,9,9,8,8,8,8,8,8,8,9,9,9,9,9,9,9,9,9,9,9,9,10,10,10,10,10,10,10,10,10,10,11,12
5,Valparaíso,5402,Cabildo,-,-,-,-,-,-,-,-,-,-,-,-,-,-,-,-,-,-,-,-,-,-,-,-,-,-,-,-,-,0,0,0,0,0,0,1,1,1,1,1,0,1,1,3,3,3,4,4,5,5,5,5,5,5,5
5,Valparaíso,5502,Calera,0,0,0,0,0,0,1,1,1,1,2,2,3,4,4,6,6,6,7,7,7,7,7,8,9,9,9,9,9,9,10,11,12,13,14,16,16,18,20,21,22,22,22,22,22,22,22,22,22,22,22,22,22,22,22
5,Valparaíso,5302,Calle Larga,-,-,-,-,-,-,-,-,-,-,-,-,-,-,-,-,-,-,-,2,2,2,2,2,1,1,2,2,2,2,2,2,3,4,4,5,5,5,6,6,6,6,6,6,6,6,6,6,6,6,6,7,8,9,10
5,Valparaíso,5603,Cartagena,-,-,-,-,-,-,-,-,-,-,-,-,-,-,-,-,-,-,-,-,-,-,1,#VALUE!,-,-,-,-,-,2,2,2,2,2,2,2,2,3,5,6,6,6,6,6,6,7,8,8,9,9,9,10,11,13,14
5,Valparaíso,5102,Casablanca,-,-,-,-,-,-,-,-,-,-,-,-,-,-,-,-,-,1,2,2,2,2,3,3,2,2,2,2,2,3,3,3,3,3,3,3,3,3,3,3,3,3,3,3,3,3,3,3,3,3,3,3,3,4,4
5,Valparaíso,5702,Catemu,-,-,-,-,-,-,-,-,-,-,-,-,-,-,-,-,-,-,-,-,-,-,-,-,-,-,-,-,-,0,0,0,0,0,0,0,0,0,0,0,0,0,0,0,0,0,0,0,1,1,1,1,1,1,1
5,Valparaíso,5103,Concón,-,-,-,-,-,-,-,-,-,-,-,-,-,-,-,-,-,1,4,7,7,7,7,7,3,3,3,4,4,6,6,7,7,7,7,7,7,9,11,12,13,13,13,14,14,16,18,19,20,20,20,21,21,22,23
5,Valparaíso,5604,El Quisco,-,-,-,-,-,-,-,-,-,-,-,-,-,-,-,-,-,-,-,1,1,1,1,1,1,1,1,1,1,3,3,4,5,6,7,8,8,9,10,11,11,11,11,11,11,11,11,11,12,12,12,13,14,15,16
5,Valparaíso,5605,El Tabo,-,-,-,-,-,-,-,-,-,-,-,-,-,-,-,-,-,1,2,3,3,3,3,3,2,2,2,2,2,2,2,3,5,6,6,6,6,7,8,9,9,9,9,9,9,11,13,13,13,13,13,13,13,14,14
5,Valparaíso,5503,Hijuelas,-,-,-,-,-,-,-,-,-,-,-,-,-,-,-,-,-,-,-,-,-,-,-,-,-,-,-,-,-,0,0,0,0,0,0,1,1,1,1,1,1,1,1,1,1,1,1,1,1,1,1,1,1,1,1
5,Valparaíso,5201,Isla de Pascua,-,-,-,-,-,-,-,-,-,-,-,-,-,-,-,-,-,5,5,5,5,5,5,5,5,5,6,6,6,6,6,6,6,5,5,5,5,5,5,5,5,5,5,5,5,5,5,5,5,5,5,5,5,5,5
5,Valparaíso,5104,Juan Fernández,-,-,-,-,-,-,-,-,-,-,-,-,-,-,-,-,-,-,-,-,-,-,-,-,-,-,-,-,-,0,0,0,0,0,0,0,0,0,0,0,0,0,0,0,0,0,0,0,0,0,0,0,0,0,0
5,Valparaíso,5504,La Cruz,-,-,-,-,-,-,-,-,-,-,-,-,-,-,-,-,-,1,2,3,3,3,3,3,2,2,2,3,3,5,5,5,5,5,6,7,7,7,8,8,8,8,8,8,8,8,9,9,10,10,10,11,12,13,14
5,Valparaíso,5401,La Ligua,-,-,-,-,-,-,-,-,-,-,-,-,-,-,-,-,-,2,2,2,2,2,2,2,2,2,2,2,2,2,2,2,2,2,2,2,2,2,2,2,2,2,2,2,2,2,2,2,3,3,3,3,3,3,3
5,Valparaíso,5802,Limache,-,-,-,-,-,-,-,-,-,-,-,-,-,-,-,-,-,3,3,3,3,3,4,5,5,6,7,7,7,8,10,13,18,20,20,20,20,21,22,23,23,23,23,23,23,23,23,23,23,23,22,23,23,24,25
5,Valparaíso,5703,Llaillay,-,-,-,-,-,-,-,-,-,-,-,-,-,-,-,-,-,-,-,1,1,1,2,2,2,2,2,2,2,2,2,2,2,2,2,2,2,2,2,2,2,2,2,2,2,3,4,4,4,4,4,4,4,4,4
5,Valparaíso,5301,Los Andes,-,-,-,-,-,-,-,-,-,-,-,-,-,-,-,-,-,3,3,2,2,2,2,4,6,6,6,6,6,6,6,7,8,9,9,9,9,9,9,9,6,6,6,7,7,8,9,9,9,9,9,10,11,13,15
5,Valparaíso,5506,Nogales,-,-,-,-,-,-,-,-,-,-,-,-,-,-,-,-,-,-,-,-,-,-,-,-,-,-,-,-,-,0,0,0,0,0,0,0,0,0,0,0,0,0,0,0,0,0,0,0,0,0,0,0,0,0,0
5,Valparaíso,5803,Olmué,-,-,-,-,-,-,-,-,-,-,-,-,-,-,-,-,-,-,-,-,-,-,-,-,-,-,-,-,-,1,1,1,2,2,2,2,2,2,2,2,2,2,2,2,2,2,2,2,2,2,2,2,2,2,2
5,Valparaíso,5704,Panquehue,-,-,-,-,-,-,-,-,-,-,-,-,-,-,-,-,-,-,-,-,-,-,-,-,-,-,-,-,-,0,0,0,0,0,0,0,0,0,0,0,0,0,0,0,0,0,0,0,0,0,0,0,0,0,0
5,Valparaíso,5403,Papudo,-,-,-,-,-,-,-,-,-,-,-,-,-,-,-,-,-,-,-,1,1,1,1,#VALUE!,-,-,-,-,-,0,0,0,0,0,0,0,0,0,0,0,0,0,0,0,0,0,0,0,0,0,0,0,0,0,0
5,Valparaíso,5404,Petorca,-,-,-,-,-,-,-,-,-,-,-,-,-,-,-,-,-,1,1,1,3,4,5,5,4,4,5,5,5,6,6,6,6,6,6,6,6,6,6,6,6,6,6,6,6,6,6,6,6,6,6,6,6,6,6
5,Valparaíso,5105,Puchuncaví,-,-,-,-,-,-,-,-,-,-,-,-,-,-,-,-,-,-,-,-,-,-,-,-,-,-,-,-,-,0,0,0,0,0,0,0,0,0,0,0,0,0,0,0,0,0,0,0,0,0,0,0,0,0,0
5,Valparaíso,5705,Putaendo,-,-,-,-,-,-,-,-,-,-,-,-,-,-,-,-,-,1,1,1,1,1,1,1,1,1,1,1,1,1,1,2,2,2,3,5,5,5,5,5,5,5,5,5,5,5,6,6,6,6,6,6,6,7,7
5,Valparaíso,5501,Quillota,0,0,0,0,0,0,1,1,1,1,2,2,3,4,4,6,6,7,8,9,9,9,9,11,13,13,13,14,14,16,17,18,19,19,19,20,20,21,22,22,22,22,22,22,22,23,24,24,25,26,26,26,26,27,28
5,Valparaíso,5801,Quilpué,0,0,0,0,0,1,1,2,2,3,3,4,5,7,8,11,11,10,11,11,11,11,12,14,15,16,18,18,18,20,20,21,22,22,24,26,27,28,29,30,30,30,30,30,31,34,37,38,39,40,40,42,44,47,50
5,Valparaíso,5107,Quintero,-,-,-,-,-,-,-,-,-,-,-,-,-,-,-,-,-,3,3,2,2,2,2,3,3,3,4,4,4,5,5,4,4,4,4,4,4,5,6,6,6,7,7,9,9,9,10,10,10,10,10,11,12,13,14
5,Valparaíso,5303,Rinconada,-,-,-,-,-,-,-,-,-,-,-,-,-,-,-,-,-,-,-,-,-,-,-,-,1,1,2,2,2,2,2,2,2,2,2,2,2,2,2,2,2,2,2,2,2,2,2,2,2,2,2,2,2,3,3
5,Valparaíso,5601,San Antonio,-,-,-,-,-,-,-,-,-,-,-,-,-,-,-,-,-,4,6,8,8,8,9,9,9,10,13,14,15,17,18,19,25,28,30,33,34,38,42,44,46,49,50,53,55,62,70,72,79,83,86,93,100,115,125
5,Valparaíso,5304,San Esteban,-,-,-,-,-,-,-,-,-,-,-,-,-,-,-,-,-,-,-,-,-,-,-,-,-,-,-,-,-,0,0,0,0,0,0,1,1,1,1,1,1,2,2,3,3,3,3,3,3,3,3,3,3,4,5
5,Valparaíso,5701,San Felipe,-,-,-,-,-,-,-,-,-,-,-,-,-,-,-,-,-,3,4,5,5,5,5,6,6,6,6,6,6,6,6,6,6,6,6,6,6,6,6,6,6,6,6,6,6,7,9,9,9,9,9,10,10,11,12
5,Valparaíso,5706,Santa María,-,-,-,-,-,-,-,-,-,-,-,-,-,-,-,-,-,2,2,2,2,2,2,2,2,2,2,2,2,2,2,2,2,2,2,2,2,2,2,2,2,2,2,2,3,7,12,13,15,16,16,17,17,18,19
5,Valparaíso,5606,Santo Domingo,-,-,-,-,-,-,-,-,-,-,-,-,-,-,-,-,-,3,3,1,1,1,2,4,5,5,5,5,5,5,7,10,11,11,11,12,12,14,16,17,17,17,17,17,17,18,19,19,21,22,22,22,22,22,21
5,Valparaíso,5101,Valparaíso,0,0,0,0,1,1,2,2,3,4,5,7,7,11,12,16,19,26,26,23,24,25,26,32,36,37,39,40,41,44,44,45,49,51,54,58,59,62,65,66,67,67,67,68,71,82,92,95,102,106,109,120,130,153,169
5,Valparaíso,5804,Villa Alemana,0,0,0,0,0,0,1,1,1,1,2,2,3,4,4,6,7,8,10,11,11,11,11,12,12,12,12,12,12,12,12,12,13,13,13,13,13,13,14,14,14,14,14,15,15,16,17,17,18,19,19,22,25,31,36
5,Valparaíso,5109,Viña del Mar,0,0,0,0,1,1,3,4,5,7,9,12,13,19,21,29,31,38,43,47,49,51,53,61,66,67,69,70,70,72,73,75,81,84,87,92,94,97,100,102,103,105,106,109,110,116,122,123,129,132,135,141,147,159,168
5,Valparaíso,5405,Zapallar,-,-,-,-,-,-,-,-,-,-,-,-,-,-,-,-,-,-,-,-,-,-,-,-,-,-,-,-,-,0,0,0,0,0,0,0,0,0,0,0,0,0,0,0,0,0,0,0,0,0,0,0,0,0,0
13,Metropolitana,13502,Alhué,-,-,-,-,-,-,-,-,-,-,-,-,-,-,-,-,-,-,-,-,-,-,-,-,-,-,-,-,-,0,0,0,0,0,0,0,0,0,0,0,0,0,0,0,0,0,0,0,0,0,0,0,0,0,0
13,Metropolitana,13402,Buin,0,1,1,1,1,2,2,2,2,3,4,4,5,6,6,7,8,8,11,14,17,19,20,20,20,24,29,32,34,36,38,40,42,43,45,46,47,48,50,52,53,56,58,60,63,66,74,81,85,89,92,98,102,108,114
13,Metropolitana,13403,Calera de Tango,0,1,1,1,1,1,2,2,2,3,3,3,4,5,5,6,7,7,7,7,7,7,7,7,8,8,8,9,9,10,10,10,11,11,12,13,14,14,14,15,15,15,15,15,15,15,16,17,17,17,17,18,19,20,21
13,Metropolitana,13102,Cerrillos,-,-,-,-,-,-,-,-,-,-,-,-,-,-,-,-,-,4,4,4,4,5,5,7,11,15,21,24,26,29,34,39,44,48,50,51,53,55,58,62,66,71,75,80,88,94,112,129,172,209,241,259,272,291,308
13,Metropolitana,13103,Cerro Navia,1,2,2,3,4,4,5,6,7,8,10,11,14,16,17,19,20,21,24,26,28,30,31,33,36,39,42,48,52,57,61,65,73,79,87,92,99,101,106,112,118,124,129,135,142,148,164,179,197,213,227,242,253,269,284
13,Metropolitana,13301,Colina,1,3,4,4,6,8,9,10,11,13,17,18,23,27,29,32,36,39,43,47,48,49,50,54,62,64,66,69,71,74,76,77,79,81,84,87,90,91,92,94,95,98,100,103,107,110,120,129,138,145,152,173,188,210,230
13,Metropolitana,13104,Conchalí,1,1,2,2,3,3,4,4,5,6,7,8,10,12,13,14,16,18,20,22,26,29,32,34,38,42,47,49,50,52,54,56,61,64,70,74,80,82,87,93,98,104,108,113,125,134,162,187,228,264,295,324,346,377,406
13,Metropolitana,13503,Curacaví,0,0,1,1,1,1,1,2,2,2,3,3,4,4,5,5,5,5,5,5,6,7,8,8,9,9,10,11,12,13,14,14,14,14,14,14,14,14,14,15,15,15,15,15,16,16,18,19,21,22,23,24,24,25,25
13,Metropolitana,13105,El Bosque,1,2,2,2,3,4,5,6,6,8,9,10,13,15,16,18,24,28,32,35,36,37,37,40,46,54,64,72,77,83,88,93,101,107,115,120,127,129,134,140,145,157,167,177,187,194,216,236,251,264,275,302,322,351,377
13,Metropolitana,13602,El Monte,-,-,-,-,-,-,-,-,-,-,-,-,-,-,-,-,-,1,2,2,3,4,5,6,7,8,9,9,9,10,10,10,11,12,12,12,12,12,12,13,13,14,15,16,17,18,20,21,21,21,21,22,23,24,24
13,Metropolitana,13106,Estación Central,1,2,2,2,3,4,4,5,6,7,8,9,12,13,14,16,19,22,24,25,30,33,36,38,41,50,61,65,68,71,81,89,96,101,108,113,120,125,136,149,162,179,192,207,229,246,296,341,381,416,447,482,508,544,578
13,Metropolitana,13107,Huechuraba,1,2,2,2,3,4,5,5,6,7,9,10,12,14,15,17,18,19,21,22,26,29,32,33,35,36,38,42,45,48,51,53,57,59,62,64,66,67,70,74,77,79,80,82,87,91,103,113,127,139,150,169,183,202,220
13,Metropolitana,13108,Independencia,1,1,2,2,3,4,4,5,5,6,8,9,11,13,14,15,16,17,20,22,24,25,26,28,31,34,37,43,47,52,56,60,72,80,93,102,115,126,147,172,196,214,229,246,277,301,369,431,493,547,594,658,706,774,836
13,Metropolitana,13603,Isla de Maipo,-,-,-,-,-,-,-,-,-,-,-,-,-,-,-,-,-,1,1,1,2,3,4,5,7,8,10,10,10,10,11,11,11,11,11,11,11,11,11,11,11,12,12,13,13,13,14,14,14,15,15,16,16,17,17
13,Metropolitana,13109,La Cisterna,0,1,1,1,2,2,3,3,4,4,5,6,7,8,9,10,11,12,12,12,15,18,20,22,26,30,34,36,37,39,42,45,46,47,52,56,61,63,66,70,73,77,80,84,90,95,109,122,130,137,143,159,171,189,205
13,Metropolitana,13110,La Florida,2,4,5,6,8,10,12,14,15,18,23,25,31,36,39,43,51,58,63,67,77,84,91,95,103,113,126,142,152,165,171,176,197,211,219,224,231,238,251,267,282,299,313,328,345,358,395,428,485,535,578,643,691,760,824
13,Metropolitana,13111,La Granja,0,0,1,1,1,1,1,2,2,2,3,3,4,4,5,5,7,8,12,16,19,22,24,25,26,30,36,40,43,46,49,51,56,60,63,66,69,70,73,77,80,86,90,95,102,108,124,138,159,177,193,215,231,254,276
13,Metropolitana,13112,La Pintana,-,-,-,-,-,-,-,-,-,-,-,-,-,-,-,-,-,10,12,13,15,17,18,20,25,31,39,46,50,55,63,70,81,88,95,100,107,110,115,122,128,153,173,195,207,216,244,269,298,323,345,382,409,447,483
13,Metropolitana,13113,La Reina,1,2,3,3,5,6,7,8,9,10,13,14,17,20,22,24,25,26,28,30,32,34,35,38,44,48,52,53,53,54,55,56,58,59,60,61,62,62,63,64,65,72,78,84,88,91,100,108,119,128,136,146,153,163,173
13,Metropolitana,13302,Lampa,0,1,1,1,2,2,3,3,4,4,5,6,7,8,9,10,10,10,12,13,13,14,14,15,18,22,26,31,34,37,39,41,43,45,46,47,48,49,52,55,58,62,65,68,73,77,87,96,104,111,117,132,143,158,172
13,Metropolitana,13114,Las Condes,8,17,21,24,35,42,50,57,64,75,95,104,131,152,163,181,196,208,216,224,239,249,258,261,266,273,281,287,291,296,301,306,314,320,322,324,326,329,334,340,346,349,352,355,364,371,391,409,435,457,477,516,545,587,626
13,Metropolitana,13115,Lo Barnechea,3,6,8,9,13,16,19,21,24,28,36,39,49,57,61,68,74,78,82,85,90,94,97,100,105,107,110,113,114,116,121,125,136,144,149,152,157,159,162,166,170,179,186,194,201,207,223,238,251,263,273,302,323,353,381
13,Metropolitana,13116,Lo Espejo,0,0,0,1,1,1,1,1,1,2,2,2,3,3,4,4,6,7,8,9,12,14,15,18,23,28,34,40,43,48,52,56,58,60,63,65,67,69,72,76,80,87,93,100,105,109,120,130,142,153,162,178,190,207,222
13,Metropolitana,13117,Lo Prado,1,1,2,2,3,3,4,4,5,6,7,8,10,12,13,14,16,18,19,20,22,24,25,27,32,33,35,38,40,43,45,47,56,62,67,70,75,77,80,84,88,96,103,111,121,128,150,170,185,198,210,223,232,246,258
13,Metropolitana,13118,Macul,0,1,1,1,2,2,3,3,4,4,5,6,7,8,9,10,13,15,19,23,28,31,34,35,37,40,43,46,47,49,50,51,55,57,60,62,64,67,74,82,89,97,103,110,114,117,127,136,153,168,181,205,223,248,272
13,Metropolitana,13119,Maipú,2,4,5,6,8,10,12,14,15,18,23,25,31,36,39,43,50,55,60,64,72,78,83,91,106,133,167,182,191,203,223,241,267,284,295,302,312,319,333,349,364,377,388,399,412,422,452,480,518,551,580,617,644,682,718
13,Metropolitana,13504,María Pinto,-,-,-,-,-,-,-,-,-,-,-,-,-,-,-,-,-,-,-,-,-,-,-,-,-,-,-,-,-,0,0,0,1,1,1,1,1,1,1,1,1,1,1,1,1,1,2,3,3,3,3,3,3,3,3
13,Metropolitana,13501,Melipilla,0,1,1,1,1,1,2,2,2,3,3,3,4,5,5,6,7,8,9,9,10,11,11,11,12,14,16,16,16,17,18,19,23,25,29,32,35,36,37,39,40,43,45,48,52,55,65,74,88,100,110,112,114,117,119
13,Metropolitana,13120,Ñuñoa,3,6,8,9,13,16,19,21,24,28,35,39,49,56,60,67,76,84,89,93,99,103,107,111,118,134,155,162,166,171,180,188,205,217,226,232,240,244,252,261,269,277,284,291,297,302,316,329,343,355,365,384,398,417,435
13,Metropolitana,13604,Padre Hurtado,0,1,1,1,2,2,3,3,4,4,5,6,7,8,9,10,11,11,13,14,15,16,16,17,18,19,20,23,24,26,27,27,28,28,30,31,32,32,33,34,35,37,38,40,42,44,50,55,59,63,66,69,72,76,79
13,Metropolitana,13404,Paine,-,-,-,-,-,-,-,-,-,-,-,-,-,-,-,-,-,3,3,3,3,3,3,3,3,5,7,7,7,8,9,9,10,10,10,10,11,11,12,13,13,14,14,15,16,17,19,21,23,25,26,32,36,42,47
13,Metropolitana,13121,Pedro Aguirre Cerda,0,1,1,1,1,2,2,2,2,3,4,4,5,6,6,7,10,13,13,13,14,15,16,17,19,26,36,44,48,54,63,70,75,78,82,85,89,92,97,103,109,116,122,129,137,144,163,180,199,215,229,246,259,277,294
13,Metropolitana,13605,Peñaflor,0,1,1,1,2,2,3,3,4,4,5,6,7,8,9,10,12,13,13,13,15,17,18,18,18,19,20,22,23,25,26,26,28,29,31,33,35,36,38,41,44,47,49,51,54,56,62,67,70,73,76,79,81,84,87
13,Metropolitana,13122,Peñalolén,1,3,4,4,6,7,9,10,11,13,16,18,22,26,28,31,39,46,50,54,59,62,65,70,78,87,98,112,120,131,134,137,152,162,172,178,187,190,196,203,209,226,239,254,265,274,299,322,353,380,404,448,481,527,570
13,Metropolitana,13202,Pirque,-,-,-,-,-,-,-,-,-,-,-,-,-,-,-,-,-,2,2,2,3,4,4,4,4,6,9,9,9,10,11,12,13,13,13,13,14,14,15,16,16,17,18,19,21,22,26,30,35,39,43,45,47,49,51
13,Metropolitana,13123,Providencia,3,8,10,11,16,19,23,26,29,34,43,47,59,69,74,82,85,87,91,94,98,101,104,108,115,121,129,132,134,136,142,147,157,164,170,174,180,182,186,191,196,197,198,200,204,207,217,226,235,243,250,266,277,294,309
13,Metropolitana,13124,Pudahuel,1,2,2,2,3,4,5,5,6,7,9,10,12,14,15,17,21,25,29,32,37,41,44,47,52,59,67,72,75,78,83,88,97,103,109,113,118,120,125,131,137,148,157,167,178,186,211,233,254,272,288,310,327,350,372
13,Metropolitana,13201,Puente Alto,2,4,5,6,9,11,12,14,16,19,24,26,33,38,41,45,52,58,67,76,94,107,119,135,166,198,239,274,294,322,350,374,433,472,506,529,562,578,611,651,688,716,739,764,785,801,847,889,980,1059,1129,1202,1256,1333,1404
13,Metropolitana,13125,Quilicura,1,2,2,2,3,4,5,5,6,7,9,10,12,14,15,17,24,29,31,33,41,46,51,53,57,67,79,85,89,94,98,101,108,112,118,123,129,134,143,154,164,191,212,236,267,291,360,423,470,511,546,602,644,703,758
13,Metropolitana,13126,Quinta Normal,1,2,2,3,4,5,6,7,7,9,11,12,15,18,19,21,23,25,30,35,38,40,41,47,57,62,69,75,79,84,95,105,117,125,134,140,149,152,158,165,172,180,187,194,205,214,239,262,279,293,306,325,339,359,377
13,Metropolitana,13127,Recoleta,1,2,2,2,3,4,5,5,6,7,9,10,12,14,15,17,20,23,28,32,37,41,44,47,52,56,61,66,69,73,77,81,97,107,114,119,126,132,145,160,174,193,209,226,255,277,341,398,476,543,602,678,734,815,889
13,Metropolitana,13128,Renca,0,1,1,1,2,2,2,3,3,4,5,5,7,8,8,9,12,14,16,18,18,19,19,20,22,25,28,34,37,42,46,50,62,70,75,78,82,85,92,100,107,116,123,131,140,147,167,185,212,235,255,278,295,319,342
13,Metropolitana,13401,San Bernardo,1,3,4,4,6,8,9,10,11,13,17,18,23,27,29,32,37,41,47,53,62,68,74,76,79,96,117,127,133,140,149,156,181,198,213,223,237,248,269,294,318,338,354,372,382,390,414,435,476,512,544,581,608,647,683
13,Metropolitana,13129,San Joaquín,1,1,2,2,2,3,4,4,5,5,7,7,9,11,12,13,19,24,26,28,31,34,36,38,42,46,52,55,56,58,63,68,78,84,90,95,101,103,108,113,118,129,139,149,155,159,172,183,215,243,267,301,326,362,395
13,Metropolitana,13203,San José de Maipo,-,-,-,-,-,-,-,-,-,-,-,-,-,-,-,-,-,2,2,2,2,3,3,3,3,3,4,4,4,4,4,4,4,4,4,4,4,4,5,6,7,7,7,8,9,9,11,12,16,20,23,26,28,32,35
13,Metropolitana,13130,San Miguel,1,2,3,3,5,6,7,8,9,10,13,14,18,21,23,25,29,32,36,39,43,46,49,51,56,62,69,76,80,86,92,97,105,111,119,124,131,134,139,146,152,160,166,173,180,185,200,213,229,243,255,280,299,326,350
13,Metropolitana,13505,San Pedro,-,-,-,-,-,-,-,-,-,-,-,-,-,-,-,-,-,-,-,-,-,-,-,-,-,-,-,-,-,0,0,0,0,0,0,0,1,1,1,2,2,2,2,2,3,4,6,8,9,10,10,11,11,12,12
13,Metropolitana,13131,San Ramón,-,-,-,-,-,-,-,-,-,-,-,-,-,-,-,-,-,6,8,9,9,9,9,10,12,15,18,19,19,20,24,27,30,32,36,39,42,45,51,59,66,75,82,90,99,106,126,144,173,198,220,248,269,299,327
13,Metropolitana,13101,Santiago,5,12,15,17,24,30,35,40,45,53,67,73,92,106,114,127,143,156,165,173,199,217,234,247,271,293,321,344,357,375,390,404,439,463,477,487,500,514,542,576,608,642,670,700,747,783,886,980,1099,1203,1294,1393,1466,1570,1666
13,Metropolitana,13601,Talagante,-,-,-,-,-,-,-,-,-,-,-,-,-,-,-,-,-,5,6,6,8,10,11,12,14,16,18,19,20,21,23,24,25,26,26,26,27,27,28,29,30,31,32,33,34,34,36,37,39,41,42,44,45,47,48
13,Metropolitana,13303,Tiltil,-,-,-,-,-,-,-,-,-,-,-,-,-,-,-,-,-,2,3,3,3,3,3,3,4,4,4,4,4,4,4,4,4,4,4,4,5,5,5,5,5,5,5,5,6,6,8,9,10,11,12,12,12,12,12
13,Metropolitana,13132,Vitacura,3,8,10,11,16,19,23,26,29,35,44,48,60,69,75,83,87,90,95,100,106,110,114,114,114,116,119,122,124,127,128,128,129,130,131,131,132,132,132,133,133,135,136,138,140,142,147,152,157,161,164,176,185,199,211
6,O’Higgins,6302,Chépica,-,-,-,-,-,-,-,-,-,-,-,-,-,-,-,-,-,-,-,-,-,-,-,-,-,-,-,-,-,0,0,0,0,0,0,0,0,0,0,0,0,0,0,0,0,0,0,0,0,0,0,0,0,0,0
6,O’Higgins,6303,Chimbarongo,-,-,-,-,-,-,-,-,-,-,-,-,-,-,-,-,-,2,2,2,2,2,2,2,2,2,2,2,2,2,4,4,4,4,4,4,2,2,2,2,2,2,2,2,2,2,2,2,2,2,2,2,2,2,2
6,O’Higgins,6102,Codegua,-,-,-,-,-,-,-,-,-,-,-,-,-,-,-,-,-,-,-,-,-,-,-,-,-,-,-,-,-,0,0,0,0,0,0,0,1,1,1,1,1,1,1,1,1,2,2,2,2,2,2,2,2,2,2
6,O’Higgins,6103,Coinco,-,-,-,-,-,-,-,-,-,-,-,-,-,-,-,-,-,-,-,-,-,-,-,-,-,-,-,-,-,0,0,0,0,0,0,0,0,0,0,1,1,1,1,1,1,1,1,1,1,1,1,1,1,1,2
6,O’Higgins,6104,Coltauco,-,-,-,-,-,-,-,-,-,-,-,-,-,-,-,-,-,-,-,-,-,-,-,-,-,-,-,-,-,0,0,0,0,0,0,0,0,0,0,0,0,0,0,0,0,0,0,0,0,0,0,0,0,0,1
6,O’Higgins,6105,Doñihue,-,-,-,-,-,-,-,-,-,-,-,-,-,-,-,-,-,-,-,-,-,-,-,-,-,-,-,-,-,0,0,0,0,0,0,0,0,0,0,1,1,1,1,1,1,2,2,2,2,2,2,2,3,3,4
6,O’Higgins,6106,Graneros,-,-,-,-,-,-,-,-,-,-,-,-,-,-,-,-,-,-,-,-,-,-,-,-,-,-,-,-,-,0,0,0,0,0,0,0,0,0,0,2,2,2,2,2,2,2,2,2,2,2,2,3,5,6,10
6,O’Higgins,6202,La Estrella,-,-,-,-,-,-,-,-,-,-,-,-,-,-,-,-,-,-,-,-,-,-,-,-,-,-,-,-,-,0,0,0,0,0,0,0,0,0,0,0,0,0,0,0,0,0,0,0,0,0,0,0,0,0,0
6,O’Higgins,6107,Las Cabras,-,-,-,-,-,-,-,-,-,-,-,-,-,-,-,-,-,-,-,-,-,-,-,-,-,-,-,-,-,0,1,1,1,1,1,1,1,1,1,3,3,3,3,3,3,4,4,4,7,8,10,10,10,10,10
6,O’Higgins,6203,Litueche,-,-,-,-,-,-,-,-,-,-,-,-,-,-,-,-,-,-,-,-,-,-,-,-,-,-,-,-,-,0,0,0,0,0,0,0,0,0,0,1,1,2,3,3,4,6,7,7,8,8,8,8,8,8,8
6,O’Higgins,6304,Lolol,-,-,-,-,-,-,-,-,-,-,-,-,-,-,-,-,-,-,-,-,-,-,-,-,-,-,-,-,-,0,0,0,0,0,0,0,0,0,0,0,0,0,0,0,0,0,0,0,0,0,0,0,0,0,0
6,O’Higgins,6108,Machalí,-,-,-,-,-,-,-,-,-,-,-,-,-,-,-,-,-,6,7,7,8,8,8,8,8,8,8,8,8,8,8,8,8,9,9,9,10,10,11,15,16,16,16,16,16,16,16,16,16,16,16,16,17,18,19
6,O’Higgins,6109,Malloa,-,-,-,-,-,-,-,-,-,-,-,-,-,-,-,-,-,-,-,-,-,-,-,-,-,-,-,-,-,0,0,0,0,0,0,0,0,0,0,0,0,0,0,0,0,0,0,0,0,0,0,0,0,0,0
6,O’Higgins,6204,Marchihue,-,-,-,-,-,-,-,-,-,-,-,-,-,-,-,-,-,-,-,-,-,-,-,-,-,-,-,-,-,0,0,0,0,0,0,0,0,0,0,0,0,0,0,0,0,0,0,0,0,0,0,0,0,0,0
6,O’Higgins,6110,Mostazal,-,-,-,-,-,-,-,-,-,-,-,-,-,-,-,-,-,-,-,-,-,-,-,-,-,-,-,-,-,0,0,0,0,0,0,0,0,0,0,0,0,0,0,0,0,0,0,0,1,1,1,1,1,1,1
6,O’Higgins,6305,Nancagua,-,-,-,-,-,-,-,-,-,-,-,-,-,-,-,-,-,-,-,-,-,-,-,-,-,-,-,-,-,0,0,0,0,0,0,0,0,0,0,0,0,0,0,0,0,1,1,1,1,1,1,1,1,1,1
6,O’Higgins,6205,Navidad,-,-,-,-,-,-,-,-,-,-,-,-,-,-,-,-,-,-,-,-,-,-,-,-,-,-,-,-,-,0,0,0,0,0,0,0,0,0,0,0,0,0,0,0,0,1,2,2,2,2,2,2,2,2,2
6,O’Higgins,6111,Olivar,-,-,-,-,-,-,-,-,-,-,-,-,-,-,-,-,-,1,2,2,2,2,2,2,2,3,3,4,5,6,7,7,7,7,7,7,6,6,6,6,6,6,6,6,6,6,6,6,6,6,6,6,6,6,6
6,O’Higgins,6306,Palmilla,-,-,-,-,-,-,-,-,-,-,-,-,-,-,-,-,-,-,-,-,-,-,-,-,-,-,-,-,-,0,0,0,0,0,0,0,0,0,0,0,0,0,0,0,0,0,0,0,0,0,0,0,0,0,0
6,O’Higgins,6206,Paredones,-,-,-,-,-,-,-,-,-,-,-,-,-,-,-,-,-,-,-,-,-,-,-,-,-,-,-,-,-,0,0,0,0,0,0,0,0,0,0,0,0,0,0,0,0,0,0,0,0,0,0,0,0,0,0
6,O’Higgins,6307,Peralillo,-,-,-,-,-,-,-,-,-,-,-,-,-,-,-,-,-,-,-,-,-,-,-,-,-,-,-,-,-,0,0,0,0,0,0,0,0,0,0,0,0,0,0,0,0,0,0,0,0,0,0,0,0,0,0
6,O’Higgins,6112,Peumo,-,-,-,-,-,-,-,-,-,-,-,-,-,-,-,-,-,-,-,-,-,-,1,1,1,1,1,1,1,1,1,1,1,1,1,1,1,1,1,1,1,1,1,1,1,2,2,2,2,2,2,2,2,2,3
6,O’Higgins,6113,Pichidegua,-,-,-,-,-,-,-,-,-,-,-,-,-,-,-,-,-,-,-,-,-,-,-,-,-,-,-,-,-,0,0,0,0,0,0,0,0,0,0,0,0,0,0,0,0,0,0,0,0,0,0,0,0,0,1
6,O’Higgins,6201,Pichilemu,-,-,-,-,-,-,-,-,-,-,-,-,-,-,-,-,-,-,-,-,-,-,-,-,-,-,-,-,-,0,0,0,0,0,0,0,0,0,0,0,0,0,0,0,0,0,0,0,0,0,0,0,0,0,0
6,O’Higgins,6308,Placilla,-,-,-,-,-,-,-,-,-,-,-,-,-,-,-,-,-,1,1,1,1,1,1,1,1,1,1,1,1,1,2,2,2,2,2,2,1,1,1,1,1,1,1,1,1,1,1,1,1,1,1,1,1,1,1
6,O’Higgins,6309,Pumanque,-,-,-,-,-,-,-,-,-,-,-,-,-,-,-,-,-,-,-,-,-,-,-,-,-,-,-,-,-,0,0,0,0,0,0,0,0,0,0,0,0,0,0,0,0,0,0,0,0,0,0,0,0,0,0
6,O’Higgins,6114,Quinta de Tilcoco,-,-,-,-,-,-,-,-,-,-,-,-,-,-,-,-,-,2,2,2,2,2,2,2,2,2,2,2,2,3,3,3,3,3,3,3,1,1,1,1,1,1,1,1,1,1,1,1,1,1,1,1,1,1,1
6,O’Higgins,6101,Rancagua,0,0,0,0,1,2,2,3,3,3,4,5,5,7,7,7,7,7,9,9,12,14,15,15,15,15,15,15,15,15,15,15,15,15,15,15,22,22,23,27,28,29,31,32,33,36,38,38,42,43,45,47,51,54,61
6,O’Higgins,6115,Rengo,-,-,-,-,-,-,-,-,-,-,-,-,-,-,-,-,-,1,1,1,1,1,1,1,1,1,1,1,1,1,1,1,1,1,1,1,2,2,2,3,3,4,6,7,7,8,8,8,9,9,10,10,10,10,9
6,O’Higgins,6116,Requínoa,-,-,-,-,-,-,-,-,-,-,-,-,-,-,-,-,-,1,1,1,1,1,1,1,1,1,1,1,1,1,1,1,1,1,1,1,2,2,2,3,3,3,4,4,4,4,4,4,4,4,4,4,4,4,5
6,O’Higgins,6301,San Fernando,-,-,-,-,-,-,-,-,-,-,-,-,-,-,-,-,-,4,4,4,4,4,4,4,4,4,4,4,4,4,5,5,5,5,5,5,6,6,6,6,5,5,5,5,5,5,5,5,6,6,6,6,6,6,6
6,O’Higgins,6117,San Vicente,-,-,-,-,-,-,-,-,-,-,-,-,-,-,-,-,-,1,4,4,4,4,4,4,4,4,4,4,4,4,4,4,4,4,4,4,4,4,4,4,4,4,4,4,5,7,8,8,9,9,9,9,10,10,11
6,O’Higgins,6310,Santa Cruz,-,-,-,-,-,-,-,-,-,-,-,-,-,-,-,-,-,-,-,-,-,-,1,1,2,2,2,2,2,2,2,2,2,2,2,2,1,1,1,2,2,2,2,2,2,2,2,2,2,2,2,2,2,2,2
7,Maule,7201,Cauquenes,-,-,-,-,-,-,-,-,-,-,-,-,-,-,-,-,-,1,2,3,3,4,4,4,4,4,4,4,4,4,4,4,5,8,9,10,10,11,11,11,12,12,12,13,13,13,13,13,13,13,13,13,13,13,13
7,Maule,7202,Chanco,-,-,-,-,-,-,-,-,-,-,-,-,-,-,-,-,-,-,-,-,-,-,-,-,-,-,-,-,-,0,0,0,0,0,1,2,2,2,2,2,2,2,2,3,3,3,3,3,3,3,3,3,3,3,3
7,Maule,7402,Colbún,-,-,-,-,-,-,-,-,-,-,-,-,-,-,-,-,-,4,4,4,4,5,5,5,5,5,5,5,5,5,5,5,5,6,6,6,5,5,5,5,6,6,6,6,6,6,6,6,6,6,6,6,6,6,6
7,Maule,7102,Constitución,-,-,-,-,-,-,-,-,-,-,-,-,-,-,-,-,-,1,2,3,3,3,3,3,5,5,5,5,5,5,5,4,5,11,11,11,11,13,15,16,18,18,18,19,20,21,21,21,22,22,23,23,23,23,23
7,Maule,7103,Curepto,-,-,-,-,-,-,-,-,-,-,-,-,-,-,-,-,-,-,-,-,-,-,-,-,2,3,3,3,3,3,3,3,3,3,6,7,7,7,7,7,8,8,8,8,8,8,8,8,8,8,8,8,8,8,8
7,Maule,7301,Curicó,1,1,1,1,2,2,2,3,3,3,3,3,4,4,5,6,7,8,10,11,12,13,13,13,13,16,17,18,19,20,20,23,23,24,29,31,31,31,31,31,31,31,33,37,42,44,45,45,45,45,45,47,47,48,51
7,Maule,7104,Empedrado,-,-,-,-,-,-,-,-,-,-,-,-,-,-,-,-,-,-,-,-,-,-,-,-,-,-,-,-,-,0,0,0,0,0,0,0,0,0,0,0,0,0,0,0,0,0,0,0,0,0,0,0,0,0,0
7,Maule,7302,Hualañé,-,-,-,-,-,-,-,-,-,-,-,-,-,-,-,-,-,-,-,-,-,-,-,-,-,-,-,-,-,0,0,0,0,0,0,0,0,0,0,0,0,0,0,0,0,0,0,0,0,0,0,0,0,0,0
7,Maule,7303,Licantén,-,-,-,-,-,-,-,-,-,-,-,-,-,-,-,-,-,-,-,-,-,-,-,-,-,-,-,-,-,0,0,0,0,1,2,2,2,2,2,2,2,2,2,2,2,2,2,2,2,2,2,2,2,2,2
7,Maule,7401,Linares,1,1,1,1,1,1,1,2,2,2,2,2,2,3,3,4,5,6,8,10,10,11,11,11,12,13,13,13,13,13,13,13,13,15,20,22,22,22,22,22,22,22,23,24,26,27,27,27,27,27,27,28,28,29,31
7,Maule,7403,Longaví,-,-,-,-,-,-,-,-,-,-,-,-,-,-,-,-,-,1,1,1,1,2,2,2,2,2,2,2,2,2,2,2,2,3,3,3,3,3,3,3,4,4,4,4,4,4,4,4,4,4,4,5,5,5,6
7,Maule,7105,Maule,-,-,-,-,-,-,-,-,-,-,-,-,-,-,-,-,-,2,2,2,2,2,2,2,3,3,3,3,4,4,4,5,6,10,12,13,13,15,18,19,22,22,22,22,23,23,23,23,23,23,23,23,23,23,24
7,Maule,7304,Molina,-,-,-,-,-,-,-,-,-,-,-,-,-,-,-,-,-,3,3,3,3,3,3,3,3,3,3,3,3,3,3,3,3,4,5,5,5,6,6,6,7,7,7,7,7,7,7,7,7,7,7,7,7,7,8
7,Maule,7404,Parral,1,1,1,1,1,1,1,2,2,2,2,2,2,3,3,4,4,3,3,3,3,3,3,3,4,5,5,5,6,6,6,6,6,6,6,6,6,7,8,8,9,9,9,9,9,9,9,9,9,9,9,9,9,9,9
7,Maule,7106,Pelarco,-,-,-,-,-,-,-,-,-,-,-,-,-,-,-,-,-,-,-,-,-,-,-,-,-,-,-,-,-,3,3,3,3,5,5,5,5,5,5,5,5,5,5,5,5,5,5,5,5,5,5,5,5,5,6
7,Maule,7203,Pelluhue,-,-,-,-,-,-,-,-,-,-,-,-,-,-,-,-,-,1,1,1,1,1,1,1,1,1,1,1,1,1,1,1,1,1,1,1,1,1,1,1,2,2,2,2,2,2,2,2,2,2,2,2,2,2,2
7,Maule,7107,Pencahue,-,-,-,-,-,-,-,-,-,-,-,-,-,-,-,-,-,-,-,-,-,-,-,-,-,-,-,-,-,0,0,0,0,1,2,2,2,2,2,2,3,3,3,3,3,3,3,3,3,3,3,3,3,3,3
7,Maule,7305,Rauco,-,-,-,-,-,-,-,-,-,-,-,-,-,-,-,-,-,-,-,1,1,1,1,1,1,2,2,2,2,2,2,2,2,2,2,2,2,2,2,2,2,2,2,2,2,2,2,2,2,2,2,2,2,2,2
7,Maule,7405,Retiro,-,-,-,-,-,-,-,-,-,-,-,-,-,-,-,-,-,-,-,-,-,-,-,-,-,-,-,-,-,1,1,1,1,2,2,2,2,2,2,2,1,1,1,1,1,1,1,1,1,1,1,1,1,1,2
7,Maule,7108,Río Claro,-,-,-,-,-,-,-,-,-,-,-,-,-,-,-,-,-,1,1,1,1,1,1,1,2,3,3,3,3,3,3,3,4,6,6,6,6,6,6,6,7,7,7,7,8,8,8,8,8,8,9,9,9,9,9
7,Maule,7306,Romeral,-,-,-,-,-,-,-,-,-,-,-,-,-,-,-,-,-,2,2,2,2,2,2,2,2,3,3,3,3,3,3,4,4,5,10,12,12,12,12,12,13,13,13,13,13,13,13,13,13,13,13,13,13,13,13
7,Maule,7307,Sagrada Familia,-,-,-,-,-,-,-,-,-,-,-,-,-,-,-,-,-,-,-,-,-,-,1,1,1,1,1,1,1,1,1,1,1,1,1,1,1,1,1,1,2,2,2,2,2,2,2,2,2,2,2,2,2,2,2
7,Maule,7109,San Clemente,-,-,-,-,-,-,-,-,-,-,-,-,-,-,-,-,-,-,-,-,-,-,-,-,-,-,-,-,-,0,0,0,1,4,6,7,7,8,8,8,9,9,9,9,10,10,10,10,10,10,10,11,11,12,14
7,Maule,7406,San Javier,-,-,-,-,-,-,-,-,-,-,-,-,-,-,-,-,-,1,1,1,4,6,7,7,7,8,8,8,8,8,8,9,9,11,14,16,16,17,18,18,20,20,20,20,22,23,23,23,23,23,23,24,24,24,25
7,Maule,7110,San Rafael,-,-,-,-,-,-,-,-,-,-,-,-,-,-,-,-,-,-,-,1,1,1,1,1,1,1,1,1,2,2,2,2,2,2,2,2,2,2,2,2,3,3,3,3,3,3,3,3,3,3,3,3,3,3,4
7,Maule,7101,Talca,6,6,6,7,9,9,9,16,18,18,19,20,20,23,26,34,35,37,40,42,45,47,48,48,51,51,51,51,51,51,52,57,64,91,118,132,133,136,139,140,145,145,146,149,156,159,160,160,161,161,162,162,162,162,163
7,Maule,7308,Teno,-,-,-,-,-,-,-,-,-,-,-,-,-,-,-,-,-,-,-,-,-,-,-,-,-,-,1,1,1,1,1,1,1,1,2,2,2,2,2,2,2,2,2,2,3,4,4,4,4,4,4,4,4,4,5
7,Maule,7309,Vichuquén,-,-,-,-,-,-,-,-,-,-,-,-,-,-,-,-,-,-,-,-,-,-,-,-,-,-,-,-,-,0,0,0,0,0,0,0,0,0,0,0,0,0,0,0,0,0,0,0,0,0,0,0,0,0,0
7,Maule,7407,Villa Alegre,-,-,-,-,-,-,-,-,-,-,-,-,-,-,-,-,-,-,-,-,-,-,-,-,-,-,-,-,-,0,0,0,0,0,1,1,1,1,1,1,1,1,1,2,2,2,2,2,2,2,2,2,2,2,2
7,Maule,7408,Yerbas Buenas,-,-,-,-,-,-,-,-,-,-,-,-,-,-,-,-,-,-,-,-,-,-,-,-,-,-,-,-,-,0,0,0,0,0,1,1,1,1,1,1,1,1,1,1,2,2,2,2,2,2,2,2,2,2,3
16,Ñuble,16102,Bulnes,0,1,1,1,1,2,3,3,4,6,6,6,8,9,10,12,15,18,28,32,33,34,36,41,45,46,48,48,48,48,48,48,48,48,50,52,54,55,57,58,59,59,59,60,60,61,62,62,66,71,72,73,75,76,77
16,Ñuble,16101,Chillán,2,6,13,13,14,22,29,32,40,52,55,57,72,86,98,114,145,173,222,240,255,267,291,311,327,332,342,350,353,355,360,373,376,387,390,393,395,399,404,407,411,411,411,405,407,412,414,414,414,415,415,416,417,418,418
16,Ñuble,16103,Chillán Viejo,0,1,1,1,2,2,3,4,5,6,6,6,8,10,11,13,18,22,25,26,27,28,30,32,34,36,40,42,43,44,44,45,45,45,46,48,49,50,51,51,52,53,54,55,55,55,55,55,55,55,55,55,55,55,55
16,Ñuble,16202,Cobquecura,-,-,-,-,-,-,-,-,-,-,-,-,-,-,-,-,-,-,-,-,-,-,-,-,-,-,-,-,-,0,0,0,0,0,0,0,0,0,0,0,0,0,0,0,0,0,0,0,0,0,0,0,0,0,0
16,Ñuble,16203,Coelemu,-,-,-,-,-,-,-,-,-,-,-,-,-,-,-,-,-,1,2,2,2,2,3,4,4,4,4,4,4,4,4,4,4,4,4,4,4,4,4,4,4,4,4,4,4,4,4,4,4,4,4,4,4,4,4
16,Ñuble,16302,Coihueco,-,-,-,-,-,-,-,-,-,-,-,-,-,-,-,-,-,3,3,3,4,5,6,7,7,7,8,10,11,11,11,11,12,14,16,19,21,22,23,23,24,24,24,25,28,36,40,40,41,42,42,42,42,42,42
16,Ñuble,16104,El Carmen,-,-,-,-,-,-,-,-,-,-,-,-,-,-,-,-,-,2,2,2,2,2,2,3,3,3,3,3,3,3,3,3,3,3,3,3,3,3,3,3,3,3,3,3,3,3,3,3,3,3,3,3,3,3,3
16,Ñuble,16204,Ninhue,-,-,-,-,-,-,-,-,-,-,-,-,-,-,-,-,-,-,-,-,-,-,-,-,1,1,1,2,2,2,2,3,3,3,3,4,4,4,4,4,4,4,4,4,4,4,4,4,4,4,4,4,4,4,4
16,Ñuble,16303,Ñiquén,-,-,-,-,-,-,-,-,-,-,-,-,-,-,-,-,-,-,-,-,-,-,-,-,2,2,2,2,2,2,2,2,2,2,2,3,3,3,3,3,3,3,3,3,3,3,3,3,3,3,3,3,3,3,3
16,Ñuble,16105,Pemuco,-,-,-,-,-,-,-,-,-,-,-,-,-,-,-,-,-,-,-,-,-,-,2,3,3,3,3,4,4,4,4,4,4,4,4,5,5,5,5,5,5,5,5,6,6,6,6,6,6,6,6,6,6,6,6
16,Ñuble,16106,Pinto,-,-,-,-,-,-,-,-,-,-,-,-,-,-,-,-,-,2,5,6,7,8,9,10,10,10,10,10,10,10,10,10,10,10,10,11,11,11,11,11,11,11,11,12,12,12,12,12,12,12,12,12,12,12,12
16,Ñuble,16205,Portezuelo,-,-,-,-,-,-,-,-,-,-,-,-,-,-,-,-,-,-,-,-,-,-,-,-,-,-,-,-,-,1,1,0,0,0,0,0,0,0,0,0,0,0,0,0,0,0,0,0,0,0,0,0,0,0,0
16,Ñuble,16107,Quillón,0,0,0,0,0,1,1,1,1,2,2,2,3,3,3,4,6,7,13,15,16,16,17,20,22,22,22,23,23,23,23,23,23,24,25,26,26,26,26,26,26,27,27,28,28,29,30,30,31,32,32,32,32,32,32
16,Ñuble,16201,Quirihue,-,-,-,-,-,-,-,-,-,-,-,-,-,-,-,-,-,-,-,-,-,-,1,3,4,4,4,4,4,4,4,2,2,3,3,3,3,3,3,3,4,4,4,4,4,4,4,4,4,4,4,4,4,4,4
16,Ñuble,16206,Ránquil,-,-,-,-,-,-,-,-,-,-,-,-,-,-,-,-,-,1,4,5,6,6,7,8,9,9,9,10,10,10,10,9,9,9,9,9,9,9,9,9,9,9,9,10,10,10,10,10,10,10,10,10,10,10,10
16,Ñuble,16301,San Carlos,0,0,1,1,1,2,2,2,3,4,4,4,5,6,7,8,11,13,13,13,15,16,19,24,28,28,29,30,31,31,31,31,31,31,31,32,32,33,33,33,34,34,34,34,34,35,35,35,35,36,36,36,36,37,37
16,Ñuble,16304,San Fabián,-,-,-,-,-,-,-,-,-,-,-,-,-,-,-,-,-,5,6,6,6,6,6,6,6,6,6,6,6,6,6,6,6,6,6,6,6,6,6,6,7,7,7,8,8,8,8,8,8,8,8,8,8,8,8
16,Ñuble,16108,San Ignacio,-,-,-,-,-,-,-,-,-,-,-,-,-,-,-,-,-,1,2,3,4,5,6,6,6,6,6,6,6,6,6,4,4,4,4,4,4,4,4,4,5,5,5,6,6,7,8,8,9,10,10,10,10,11,11
16,Ñuble,16305,San Nicolás,-,-,-,-,-,-,-,-,-,-,-,-,-,-,-,-,-,2,3,4,6,7,10,11,11,11,12,12,12,12,13,14,14,14,14,14,14,14,14,14,14,15,15,16,16,16,16,16,16,16,14,14,14,15,15
16,Ñuble,16207,Treguaco,-,-,-,-,-,-,-,-,-,-,-,-,-,-,-,-,-,-,-,-,-,-,-,-,-,-,-,-,-,0,0,0,0,0,0,0,0,0,0,0,0,0,0,0,0,0,0,0,0,0,0,0,0,0,0
16,Ñuble,16109,Yungay,-,-,-,-,-,-,-,-,-,-,-,-,-,-,-,-,-,7,9,10,15,19,26,32,37,37,38,40,41,42,42,42,43,45,45,46,46,46,46,46,46,47,47,48,49,51,52,52,53,55,55,55,55,55,55
8,Biobío,8314,Alto Biobío,-,-,-,-,-,-,-,-,-,-,-,-,-,-,-,-,-,-,-,-,-,-,-,-,-,-,-,-,-,0,1,1,1,1,1,1,1,1,1,1,0,0,0,0,0,0,0,0,0,0,0,0,0,0,0
8,Biobío,8302,Antuco,-,-,-,-,-,-,-,-,-,-,-,-,-,-,-,-,-,-,-,-,-,-,-,-,-,-,-,-,-,0,0,0,0,0,0,0,0,0,0,0,0,0,0,0,0,0,0,0,0,0,0,0,0,0,1
8,Biobío,8202,Arauco,-,-,-,-,-,-,-,-,-,-,-,-,-,-,-,-,-,5,6,6,6,6,6,6,6,6,6,6,6,6,6,5,5,6,6,6,6,6,6,6,6,6,6,6,6,6,6,6,6,6,6,7,8,9,11
8,Biobío,8303,Cabrero,-,-,-,-,-,-,-,-,-,-,-,-,-,-,-,-,-,-,-,1,1,1,1,1,1,3,4,5,6,7,8,8,8,9,9,9,9,10,11,12,13,14,15,15,15,16,16,16,16,16,16,17,18,20,22
8,Biobío,8203,Cañete,-,-,-,-,-,-,-,-,-,-,-,-,-,-,-,-,-,-,-,-,-,-,-,-,-,-,-,-,-,0,0,0,0,0,0,0,0,0,0,0,0,0,0,0,0,0,0,0,0,0,0,0,0,0,1
8,Biobío,8103,Chiguayante,0,0,0,0,0,1,1,1,1,2,3,3,4,5,6,6,11,18,23,26,29,31,32,33,35,38,40,40,40,41,41,37,38,39,40,41,41,44,50,55,57,58,58,58,58,60,61,61,66,68,69,69,69,70,71
8,Biobío,8101,Concepción,0,1,1,1,2,3,4,5,6,10,13,15,19,21,26,28,35,47,50,53,62,66,70,71,73,78,81,86,89,92,112,130,136,142,146,148,149,149,149,149,136,138,139,139,140,144,146,147,147,147,141,144,147,153,159
8,Biobío,8204,Contulmo,-,-,-,-,-,-,-,-,-,-,-,-,-,-,-,-,-,-,-,-,-,-,-,-,-,-,-,-,-,0,0,0,0,0,0,0,0,0,0,0,0,0,0,0,0,0,0,0,0,0,0,0,0,0,0
8,Biobío,8102,Coronel,-,-,-,-,-,-,-,-,-,-,-,-,-,-,-,-,-,11,12,12,13,13,13,15,18,18,18,18,18,18,18,15,15,15,15,15,15,15,15,16,16,17,18,18,18,20,21,21,22,22,22,23,24,26,29
8,Biobío,8205,Curanilahue,-,-,-,-,-,-,-,-,-,-,-,-,-,-,-,-,-,1,1,1,1,1,1,1,1,1,1,1,1,1,1,1,1,1,1,1,1,1,1,2,2,2,2,2,2,2,2,1,1,1,1,1,1,2,3
8,Biobío,8104,Florida,-,-,-,-,-,-,-,-,-,-,-,-,-,-,-,-,-,-,-,2,2,2,2,2,2,2,2,2,2,2,3,4,4,4,4,4,4,4,4,4,3,3,3,3,3,3,3,3,3,3,3,3,3,3,3
8,Biobío,8112,Hualpén,-,-,-,-,-,-,-,-,-,-,-,-,-,-,-,-,-,39,45,50,59,63,67,70,74,79,83,87,90,93,93,65,67,70,74,76,77,82,92,99,103,104,104,104,104,104,104,103,111,114,115,116,117,118,120
8,Biobío,8105,Hualqui,-,-,-,-,-,-,-,-,-,-,-,-,-,-,-,-,-,3,3,3,5,6,7,7,7,7,7,7,7,8,9,9,11,13,14,15,15,16,17,18,19,19,19,19,19,20,20,20,20,20,20,20,20,20,20
8,Biobío,8304,Laja,-,-,-,-,-,-,-,-,-,-,-,-,-,-,-,-,-,2,3,3,4,5,5,5,5,5,5,5,5,6,7,7,7,7,7,7,7,8,9,10,10,11,12,12,12,12,12,12,12,12,12,12,13,14,15
8,Biobío,8201,Lebu,-,-,-,-,-,-,-,-,-,-,-,-,-,-,-,-,-,-,-,-,-,-,-,-,-,-,-,-,-,0,0,0,0,0,0,0,0,0,0,0,0,0,0,0,0,0,0,0,0,0,0,0,0,0,0
8,Biobío,8206,Los Álamos,-,-,-,-,-,-,-,-,-,-,-,-,-,-,-,-,-,-,-,-,-,-,-,-,-,-,-,-,-,0,0,0,0,0,0,0,0,0,0,1,1,1,1,1,1,1,1,1,1,1,1,1,1,1,1
8,Biobío,8301,Los Ángeles,0,0,0,0,1,1,2,2,3,4,5,6,7,8,10,11,13,15,15,12,15,16,17,19,22,22,22,22,22,22,24,25,25,26,28,29,30,30,30,31,31,31,31,31,31,31,31,31,31,31,31,31,31,32,33
8,Biobío,8106,Lota,-,-,-,-,-,-,-,-,-,-,-,-,-,-,-,-,-,-,-,1,1,1,1,1,1,1,1,1,1,1,1,1,1,1,1,1,1,1,1,1,1,1,1,1,1,1,1,1,2,2,2,3,4,6,9
8,Biobío,8305,Mulchén,-,-,-,-,-,-,-,-,-,-,-,-,-,-,-,-,-,5,5,5,5,5,5,5,5,5,5,5,5,5,5,5,5,5,5,5,5,5,5,5,5,5,5,5,5,5,5,5,6,6,6,6,6,6,7
8,Biobío,8306,Nacimiento,-,-,-,-,-,-,-,-,-,-,-,-,-,-,-,-,-,2,2,2,2,2,2,3,4,5,5,7,8,9,10,10,10,10,10,10,10,10,10,10,10,10,10,10,10,10,10,10,11,12,12,13,14,15,16
8,Biobío,8307,Negrete,-,-,-,-,-,-,-,-,-,-,-,-,-,-,-,-,-,-,-,-,-,-,1,1,2,2,2,2,2,2,2,2,2,2,2,2,2,2,2,2,2,2,2,2,2,2,2,2,2,2,2,2,2,2,2
8,Biobío,8107,Penco,-,-,-,-,-,-,-,-,-,-,-,-,-,-,-,-,-,1,2,3,4,5,5,5,5,5,5,7,8,9,10,11,11,12,14,15,15,15,16,17,17,18,18,18,18,19,19,19,20,20,20,20,20,20,20
8,Biobío,8308,Quilaco,-,-,-,-,-,-,-,-,-,-,-,-,-,-,-,-,-,-,-,-,-,-,-,-,-,-,-,-,-,0,0,0,0,0,0,0,0,0,0,0,0,0,0,0,0,0,0,0,0,0,0,0,0,0,0
8,Biobío,8309,Quilleco,-,-,-,-,-,-,-,-,-,-,-,-,-,-,-,-,-,-,-,-,-,-,-,-,-,-,-,-,-,0,0,0,0,0,1,1,1,1,1,1,1,1,1,0,0,0,0,0,0,0,0,0,0,0,0
8,Biobío,8108,San Pedro de la Paz,0,0,0,1,1,2,3,3,4,7,9,10,12,14,17,18,30,50,53,56,60,62,63,67,71,72,73,76,78,80,80,75,75,75,81,83,85,87,93,97,99,99,99,99,99,100,100,100,104,105,106,106,107,108,109
8,Biobío,8310,San Rosendo,-,-,-,-,-,-,-,-,-,-,-,-,-,-,-,-,-,-,-,-,-,-,-,-,-,-,-,-,-,0,0,0,0,0,0,0,0,0,0,0,0,0,0,0,0,0,0,0,0,0,0,0,0,0,0
8,Biobío,8311,Santa Bárbara,-,-,-,-,-,-,-,-,-,-,-,-,-,-,-,-,-,2,2,2,2,2,2,2,2,2,2,2,2,2,3,3,3,3,3,3,3,3,3,3,3,3,3,2,2,2,2,2,2,2,2,2,2,2,2
8,Biobío,8109,Santa Juana,-,-,-,-,-,-,-,-,-,-,-,-,-,-,-,-,-,-,-,-,-,-,-,-,-,-,-,-,-,0,0,0,0,0,1,1,1,1,1,2,2,2,2,2,2,2,2,2,2,2,2,2,2,2,2
8,Biobío,8110,Talcahuano,-,-,-,-,-,-,-,-,-,-,-,-,-,-,-,-,-,23,26,29,33,35,36,40,45,46,46,50,53,56,70,82,83,85,92,95,97,97,97,97,90,93,94,95,96,100,102,103,107,108,109,110,112,115,118
8,Biobío,8207,Tirúa,-,-,-,-,-,-,-,-,-,-,-,-,-,-,-,-,-,-,-,2,3,4,4,4,4,4,4,4,4,4,4,4,4,4,4,4,4,4,4,4,4,4,4,4,4,4,4,4,4,4,4,4,4,4,4
8,Biobío,8111,Tomé,0,0,0,0,0,0,1,1,1,1,2,2,3,3,4,4,5,6,8,9,18,22,25,27,30,30,30,33,35,37,37,37,37,37,39,40,41,43,46,49,50,50,50,50,50,50,50,50,50,50,49,49,49,49,50
8,Biobío,8312,Tucapel,-,-,-,-,-,-,-,-,-,-,-,-,-,-,-,-,-,-,-,-,-,-,-,-,1,1,1,1,1,1,1,0,0,1,1,1,1,1,1,1,1,1,1,1,1,1,1,1,1,1,1,1,1,1,1
8,Biobío,8313,Yumbel,0,0,0,0,0,0,1,1,1,2,2,3,3,4,5,5,5,5,5,5,5,5,5,5,5,5,5,5,5,5,5,5,5,5,6,6,6,6,6,6,6,6,6,6,6,6,6,6,7,7,7,7,8,9,10
9,Araucanía,9201,Angol,0,0,0,0,0,0,0,1,1,2,2,3,4,5,6,7,10,13,13,12,13,14,15,19,23,23,24,25,27,28,33,36,37,38,41,44,51,59,63,68,75,77,78,80,87,97,105,106,108,110,110,111,111,112,112
9,Araucanía,9102,Carahue,-,-,-,-,-,-,-,-,-,-,-,-,-,-,-,-,-,2,2,2,2,2,3,4,6,6,6,10,15,18,19,20,21,22,23,24,26,27,28,29,30,30,30,31,31,31,31,30,32,34,34,34,34,35,35
9,Araucanía,9121,Cholchol,-,-,-,-,-,-,-,-,-,-,-,-,-,-,-,-,-,2,3,3,3,3,2,2,3,3,4,4,4,4,4,4,5,5,5,5,5,5,5,5,5,5,5,5,5,6,6,6,6,6,6,6,6,6,4
9,Araucanía,9202,Collipulli,-,-,-,-,-,-,-,-,-,-,-,-,-,-,-,-,-,-,-,-,-,-,-,-,-,-,-,-,-,1,1,1,1,0,0,0,1,1,1,1,2,2,2,3,3,4,4,4,4,4,4,5,5,6,6
9,Araucanía,9103,Cunco,-,-,-,-,-,-,-,-,-,-,-,-,-,-,-,-,-,-,-,-,-,-,5,5,5,5,5,5,5,5,6,6,6,6,6,6,6,6,6,6,6,6,6,6,6,6,6,5,5,5,5,5,5,6,6
9,Araucanía,9203,Curacautín,-,-,-,-,-,-,-,-,-,-,-,-,-,-,-,-,-,-,-,-,-,-,2,2,3,4,5,5,5,5,5,5,5,5,5,5,5,5,5,5,6,6,6,6,6,6,6,5,6,6,6,6,6,6,6
9,Araucanía,9104,Curarrehue,-,-,-,-,-,-,-,-,-,-,-,-,-,-,-,-,-,2,3,3,3,3,3,3,4,4,4,4,4,4,4,4,4,4,4,4,4,4,4,4,4,4,4,4,4,4,4,4,4,4,4,4,4,4,4
9,Araucanía,9204,Ercilla,-,-,-,-,-,-,-,-,-,-,-,-,-,-,-,-,-,-,-,-,-,-,-,-,2,2,2,2,3,3,3,3,4,4,5,6,7,7,7,7,8,8,8,8,9,10,10,10,10,10,10,10,10,11,11
9,Araucanía,9105,Freire,-,-,-,-,-,-,-,-,-,-,-,-,-,-,-,-,-,2,4,5,5,5,5,5,5,5,5,5,5,5,5,5,5,5,5,5,6,6,6,6,7,7,7,7,7,7,7,7,7,7,7,7,7,7,7
9,Araucanía,9106,Galvarino,-,-,-,-,-,-,-,-,-,-,-,-,-,-,-,-,-,1,1,1,1,1,2,2,2,2,2,2,2,2,2,2,2,2,2,2,2,2,2,2,2,2,2,2,2,2,2,2,2,2,2,3,3,4,4
9,Araucanía,9107,Gorbea,0,0,0,0,0,0,0,0,1,1,1,2,2,3,3,4,5,6,7,7,8,9,10,10,10,10,10,10,10,10,10,10,10,10,10,10,10,11,11,11,12,12,12,12,12,12,12,12,12,12,12,12,12,13,13
9,Araucanía,9108,Lautaro,-,-,-,-,-,-,-,-,-,-,-,-,-,-,-,-,-,8,9,10,12,14,16,17,19,19,19,20,21,22,24,25,26,27,28,29,30,31,32,33,34,35,36,38,38,38,38,38,39,40,40,41,42,44,45
9,Araucanía,9109,Loncoche,-,-,-,-,-,-,-,-,-,-,-,-,-,-,-,-,-,2,3,4,4,4,4,5,6,6,6,6,6,6,8,9,9,9,9,9,9,9,9,9,9,9,9,10,12,15,18,18,18,18,18,19,19,20,20
9,Araucanía,9205,Lonquimay,-,-,-,-,-,-,-,-,-,-,-,-,-,-,-,-,-,-,-,-,-,-,-,-,-,-,-,-,-,0,0,0,0,0,0,0,0,0,0,0,0,0,0,0,0,0,0,0,0,0,0,1,2,4,5
9,Araucanía,9206,Los Sauces,-,-,-,-,-,-,-,-,-,-,-,-,-,-,-,-,-,-,-,-,-,-,-,-,-,-,-,-,-,0,0,0,0,0,0,0,0,0,0,0,0,0,0,0,0,1,1,1,1,1,1,1,1,1,1
9,Araucanía,9207,Lumaco,-,-,-,-,-,-,-,-,-,-,-,-,-,-,-,-,-,-,-,-,-,-,-,-,-,-,-,-,-,0,0,0,0,0,0,0,0,0,0,0,0,0,0,1,2,4,6,6,6,6,6,6,6,7,7
9,Araucanía,9110,Melipeuco,-,-,-,-,-,-,-,-,-,-,-,-,-,-,-,-,-,-,-,-,-,-,-,-,-,-,-,-,-,0,0,0,0,0,0,0,0,0,0,0,0,0,0,0,0,0,0,0,0,0,0,0,0,0,0
9,Araucanía,9111,Nueva Imperial,-,-,-,-,-,-,-,-,-,-,-,-,-,-,-,-,-,2,7,11,13,14,16,18,20,21,22,23,24,25,30,32,33,34,35,36,37,37,37,37,36,39,41,44,45,46,47,47,47,47,47,47,47,47,41
9,Araucanía,9112,Padre Las Casas,0,0,0,0,0,0,1,1,1,2,3,4,5,6,7,9,12,14,24,33,37,40,44,46,49,49,49,49,49,49,51,52,56,58,61,64,71,73,74,76,78,81,83,87,90,94,98,98,99,99,99,99,99,100,100
9,Araucanía,9113,Perquenco,-,-,-,-,-,-,-,-,-,-,-,-,-,-,-,-,-,1,2,2,2,2,1,1,2,2,2,2,3,3,3,3,4,4,5,5,6,6,6,6,6,6,6,6,6,6,6,5,5,5,5,5,5,5,5
9,Araucanía,9114,Pitrufquén,0,0,0,0,0,0,0,0,1,1,1,2,2,3,3,4,5,6,7,7,8,9,11,11,12,12,12,13,15,16,17,18,18,17,18,18,19,19,19,19,19,19,19,19,19,20,20,20,20,20,20,20,20,20,18
9,Araucanía,9115,Pucón,-,-,-,-,-,-,-,-,-,-,-,-,-,-,-,-,-,3,3,3,3,3,4,4,5,5,5,5,5,5,6,6,9,10,10,10,11,11,11,11,12,13,13,14,14,14,14,14,14,14,14,15,15,16,16
9,Araucanía,9208,Purén,-,-,-,-,-,-,-,-,-,-,-,-,-,-,-,-,-,1,1,1,1,1,2,2,2,2,2,2,2,2,2,2,2,2,2,2,2,2,2,2,2,2,2,2,2,3,3,3,4,4,4,5,5,6,6
9,Araucanía,9209,Renaico,-,-,-,-,-,-,-,-,-,-,-,-,-,-,-,-,-,-,-,-,-,-,-,-,1,1,1,1,2,2,2,2,2,2,2,2,3,3,3,3,4,4,4,4,4,4,4,4,5,5,5,7,8,10,12
9,Araucanía,9116,Saavedra,-,-,-,-,-,-,-,-,-,-,-,-,-,-,-,-,-,-,-,1,1,1,1,1,1,1,1,1,1,1,1,0,1,1,3,4,8,10,11,13,15,15,15,16,18,21,24,24,29,32,33,36,37,40,42
9,Araucanía,9101,Temuco,0,1,1,2,4,6,9,17,25,37,46,69,89,110,128,154,195,225,260,293,318,336,365,385,407,424,443,452,464,471,495,506,534,547,563,575,605,618,624,632,644,652,657,665,667,670,673,673,678,682,683,691,695,704,711
9,Araucanía,9117,Teodoro Schmidt,-,-,-,-,-,-,-,-,-,-,-,-,-,-,-,-,-,4,4,2,2,2,3,3,3,3,4,4,5,5,5,5,5,5,5,5,5,5,5,5,6,6,6,6,6,6,6,6,6,6,6,6,6,6,5
9,Araucanía,9118,Toltén,-,-,-,-,-,-,-,-,-,-,-,-,-,-,-,-,-,3,4,4,4,4,5,6,7,7,7,7,7,7,7,6,6,6,6,6,6,6,6,6,6,6,6,6,6,6,6,6,6,6,6,7,7,8,8
9,Araucanía,9210,Traiguén,-,-,-,-,-,-,-,-,-,-,-,-,-,-,-,-,-,-,-,-,-,-,-,-,-,-,1,1,2,2,2,2,2,2,2,2,3,3,3,3,3,3,3,3,3,3,3,2,2,2,2,2,2,2,2
9,Araucanía,9211,Victoria,0,0,0,0,0,0,0,1,1,1,1,2,3,4,4,5,6,7,9,11,11,11,12,13,15,15,15,15,15,15,15,13,13,13,17,20,28,37,41,47,55,56,57,58,61,66,70,70,71,71,71,73,74,76,78
9,Araucanía,9119,Vilcún,0,0,0,0,0,0,0,0,1,1,1,2,2,3,3,4,5,5,8,11,13,15,18,19,20,20,20,21,23,24,26,27,28,29,31,33,37,38,38,38,39,39,39,39,40,42,44,44,45,45,45,46,46,47,48
9,Araucanía,9120,Villarrica,-,-,-,-,-,-,-,-,-,-,-,-,-,-,-,-,-,4,5,6,8,9,11,13,15,15,15,16,17,18,19,19,19,17,17,17,18,18,18,18,19,19,19,19,19,20,20,20,20,20,20,20,20,21,21
14,Los Ríos,14102,Corral,-,-,-,-,-,-,-,-,-,-,-,-,-,-,-,-,-,-,-,-,-,-,-,-,-,-,-,-,-,0,1,1,1,1,1,1,1,1,1,1,1,1,1,1,1,1,1,1,1,1,1,1,1,2,2
14,Los Ríos,14202,Futrono,-,-,-,-,-,-,-,-,-,-,-,-,-,-,-,-,-,2,2,2,3,4,5,5,5,5,5,5,5,5,5,5,5,5,5,5,5,5,5,5,5,5,5,5,5,5,5,5,5,5,5,5,5,5,5
14,Los Ríos,14201,La Unión,-,-,-,-,-,-,-,-,-,-,-,-,-,-,-,-,-,9,9,10,13,16,17,18,18,18,18,18,18,18,22,23,23,23,23,23,21,24,26,27,27,28,28,29,29,30,32,32,37,38,39,39,39,40,40
14,Los Ríos,14203,Lago Ranco,-,-,-,-,-,-,-,-,-,-,-,-,-,-,-,-,-,1,1,1,1,2,2,2,2,2,2,2,2,2,2,2,2,2,2,2,2,2,2,2,2,2,2,2,2,2,2,2,2,2,2,2,2,2,2
14,Los Ríos,14103,Lanco,-,-,-,-,-,-,-,-,-,-,-,-,-,-,-,-,-,1,1,1,1,2,2,2,2,2,2,2,2,2,4,4,4,4,4,4,4,4,5,5,5,5,5,5,5,5,5,5,6,7,7,7,8,9,9
14,Los Ríos,14104,Los Lagos,-,-,-,-,-,-,-,-,-,-,-,-,-,-,-,-,-,-,-,-,-,-,-,-,-,-,-,-,-,0,0,0,0,0,0,0,0,0,0,0,0,0,0,0,0,0,0,0,0,0,0,0,0,0,0
14,Los Ríos,14105,Máfil,-,-,-,-,-,-,-,-,-,-,-,-,-,-,-,-,-,1,1,1,1,1,1,1,1,1,1,1,1,1,1,1,1,1,1,1,1,1,2,2,2,2,2,2,2,2,2,2,2,2,2,2,2,2,2
14,Los Ríos,14106,Mariquina,-,-,-,-,-,-,-,-,-,-,-,-,-,-,-,-,-,2,2,3,4,5,6,7,8,8,8,8,8,8,9,9,9,9,9,9,8,8,9,9,9,9,9,9,9,9,9,9,9,9,9,9,9,9,9
14,Los Ríos,14107,Paillaco,-,-,-,-,-,-,-,-,-,-,-,-,-,-,-,-,-,1,1,1,1,1,1,1,1,1,1,1,1,1,1,1,1,1,1,1,1,1,2,2,2,2,2,2,2,2,2,2,2,2,1,1,1,1,1
14,Los Ríos,14108,Panguipulli,-,-,-,-,-,-,-,-,-,-,-,-,-,-,-,-,-,-,-,-,-,-,-,-,-,-,-,-,-,2,2,0,0,0,0,0,1,1,1,1,0,0,0,0,0,0,0,0,0,0,0,0,0,0,0
14,Los Ríos,14204,Río Bueno,-,-,-,-,-,-,-,-,-,-,-,-,-,-,-,-,-,2,2,2,3,4,5,5,5,5,5,7,9,10,10,7,7,7,8,9,11,11,11,11,10,11,11,11,11,11,13,13,13,13,13,13,13,13,12
14,Los Ríos,14101,Valdivia,0,0,0,0,0,0,0,0,1,2,3,4,6,7,10,12,33,45,46,47,55,62,65,69,72,76,82,85,87,88,96,97,100,101,101,101,101,103,104,105,105,106,106,107,107,108,110,110,118,120,121,121,121,121,121
10,Los Lagos,10202,Ancud,-,-,-,-,-,-,-,-,-,-,-,-,-,-,-,-,-,-,-,-,-,-,-,-,2,3,3,3,3,3,3,3,3,3,5,7,8,8,8,9,9,9,9,9,9,9,9,10,13,14,15,15,21,22,23
10,Los Lagos,10102,Calbuco,0,0,0,0,1,1,1,1,1,1,1,2,2,3,3,4,4,5,5,5,5,5,5,5,5,5,5,6,7,7,7,5,6,8,8,8,6,6,6,7,7,7,7,7,7,7,7,7,7,7,7,7,7,7,7
10,Los Lagos,10201,Castro,-,-,-,-,-,-,-,-,-,-,-,-,-,-,-,-,-,1,1,1,2,3,4,5,6,7,7,7,7,7,7,7,7,7,7,7,7,7,7,7,7,7,7,7,7,7,7,8,8,8,8,8,8,8,7
10,Los Lagos,10401,Chaitén,-,-,-,-,-,-,-,-,-,-,-,-,-,-,-,-,-,1,1,1,1,1,1,1,1,1,1,1,1,1,1,1,1,1,1,1,1,1,1,1,1,1,1,1,1,1,1,1,1,1,1,1,1,1,1
10,Los Lagos,10203,Chonchi,-,-,-,-,-,-,-,-,-,-,-,-,-,-,-,-,-,-,-,-,-,-,-,-,-,-,-,-,-,0,0,0,0,0,0,0,0,0,0,0,0,0,0,0,0,0,0,0,0,0,0,0,0,0,0
10,Los Lagos,10103,Cochamó,-,-,-,-,-,-,-,-,-,-,-,-,-,-,-,-,-,-,-,-,-,-,-,-,-,-,-,-,-,0,0,0,0,1,1,1,1,1,1,1,1,1,1,1,1,1,1,1,1,1,1,1,1,1,1
10,Los Lagos,10204,Curaco de Vélez,-,-,-,-,-,-,-,-,-,-,-,-,-,-,-,-,-,-,-,-,-,-,-,-,-,-,-,-,-,0,0,0,0,0,0,0,0,0,0,0,0,0,0,0,0,0,0,0,0,0,0,0,0,0,0
10,Los Lagos,10205,Dalcahue,-,-,-,-,-,-,-,-,-,-,-,-,-,-,-,-,-,-,-,-,-,-,-,-,-,-,-,-,-,0,0,0,0,0,0,0,0,0,0,0,0,0,0,0,0,0,0,0,0,0,0,0,0,0,0
10,Los Lagos,10104,Fresia,-,-,-,-,-,-,-,-,-,-,-,-,-,-,-,-,-,-,-,-,-,-,-,-,-,-,-,-,-,0,0,0,0,1,1,1,1,1,1,1,0,0,0,0,0,0,0,0,0,0,0,0,0,0,0
10,Los Lagos,10105,Frutillar,-,-,-,-,-,-,-,-,-,-,-,-,-,-,-,-,-,-,-,1,2,3,3,3,3,3,3,4,5,5,6,6,6,6,6,6,6,6,6,6,6,6,6,6,6,6,6,6,6,6,6,6,6,6,6
10,Los Lagos,10402,Futaleufú,-,-,-,-,-,-,-,-,-,-,-,-,-,-,-,-,-,-,-,-,-,-,-,-,-,-,-,-,-,0,0,0,0,0,0,0,0,0,0,0,0,0,0,0,0,0,0,0,0,0,0,0,0,0,0
10,Los Lagos,10403,Hualaihué,-,-,-,-,-,-,-,-,-,-,-,-,-,-,-,-,-,3,3,3,3,3,3,3,3,3,3,3,3,3,3,3,3,3,3,3,3,3,3,3,3,3,3,3,3,3,3,3,3,3,3,3,3,3,3
10,Los Lagos,10107,Llanquihue,-,-,-,-,-,-,-,-,-,-,-,-,-,-,-,-,-,-,-,-,-,-,-,-,-,-,-,-,-,3,3,1,1,2,2,2,1,1,1,1,1,1,1,1,1,1,1,1,1,1,1,1,1,1,1
10,Los Lagos,10106,Los Muermos,-,-,-,-,-,-,-,-,-,-,-,-,-,-,-,-,-,1,1,1,1,1,1,1,1,1,1,1,1,1,1,1,1,1,1,1,1,1,1,1,1,1,1,1,1,1,1,1,1,1,1,1,1,1,1
10,Los Lagos,10108,Maullín,-,-,-,-,-,-,-,-,-,-,-,-,-,-,-,-,-,-,-,-,-,-,-,-,-,-,1,1,1,1,1,1,1,2,2,2,1,1,1,1,1,1,1,1,1,1,1,1,1,1,1,1,1,1,1
10,Los Lagos,10301,Osorno,1,1,1,4,8,9,10,12,17,19,23,31,32,48,54,66,89,120,138,163,176,185,190,196,207,215,220,226,229,232,237,241,244,249,254,261,265,268,273,276,278,279,281,282,282,286,292,306,311,312,315,315,318,319,320
10,Los Lagos,10404,Palena,-,-,-,-,-,-,-,-,-,-,-,-,-,-,-,-,-,-,-,-,-,-,-,-,-,-,-,-,-,0,0,0,0,0,0,0,0,0,0,0,0,0,0,0,0,0,0,0,0,0,0,0,0,0,0
10,Los Lagos,10101,Puerto Montt,0,0,0,2,4,5,5,6,9,10,12,16,17,25,28,34,38,44,44,25,30,33,35,36,37,38,39,53,61,68,71,73,74,76,76,76,75,75,75,75,73,73,73,73,73,73,73,52,52,52,52,52,52,52,52
10,Los Lagos,10302,Puerto Octay,-,-,-,-,-,-,-,-,-,-,-,-,-,-,-,-,-,1,1,1,1,1,1,1,1,1,1,1,1,1,1,1,1,1,1,1,1,1,1,2,2,3,4,4,4,4,4,4,4,4,3,3,4,5,5
10,Los Lagos,10109,Puerto Varas,-,-,-,-,-,-,-,-,-,-,-,-,-,-,-,-,-,1,1,2,3,4,4,4,3,3,3,4,5,6,7,7,7,8,8,8,8,8,8,9,9,9,9,9,9,9,9,9,9,9,8,8,8,8,8
10,Los Lagos,10206,Puqueldón,-,-,-,-,-,-,-,-,-,-,-,-,-,-,-,-,-,-,-,-,-,-,-,-,-,-,-,-,-,0,0,0,0,0,0,0,0,0,0,0,0,0,0,0,0,0,0,0,0,0,0,0,0,0,0
10,Los Lagos,10303,Purranque,-,-,-,-,-,-,-,-,-,-,-,-,-,-,-,-,-,1,3,5,5,5,5,7,11,14,16,16,16,16,16,16,16,16,16,16,16,16,16,17,17,17,17,17,17,17,18,19,21,22,23,23,26,27,27
10,Los Lagos,10304,Puyehue,-,-,-,-,-,-,-,-,-,-,-,-,-,-,-,-,-,1,1,1,1,1,1,1,2,2,2,2,2,2,2,1,1,1,1,1,1,1,1,1,1,1,2,2,2,2,3,4,4,4,4,4,5,6,6
10,Los Lagos,10207,Queilén,-,-,-,-,-,-,-,-,-,-,-,-,-,-,-,-,-,-,-,-,-,-,-,-,-,-,-,-,-,0,0,0,0,0,0,0,0,0,0,0,0,0,0,0,0,0,0,0,0,0,0,0,0,0,0
10,Los Lagos,10208,Quellón,-,-,-,-,-,-,-,-,-,-,-,-,-,-,-,-,-,-,-,-,-,-,-,-,-,-,-,-,-,0,0,0,0,0,0,0,0,0,0,0,0,0,0,0,0,0,0,0,1,1,1,1,1,1,1
10,Los Lagos,10209,Quemchi,-,-,-,-,-,-,-,-,-,-,-,-,-,-,-,-,-,-,-,-,-,-,-,-,-,-,-,-,-,0,0,0,0,0,0,0,0,0,0,0,0,0,0,0,0,0,0,0,0,0,0,0,0,0,0
10,Los Lagos,10210,Quinchao,-,-,-,-,-,-,-,-,-,-,-,-,-,-,-,-,-,1,1,1,1,1,1,1,1,1,1,1,1,1,1,1,1,1,1,1,1,1,1,1,1,1,1,1,1,1,1,1,1,1,1,1,1,1,1
10,Los Lagos,10305,Río Negro,-,-,-,-,-,-,-,-,-,-,-,-,-,-,-,-,-,-,-,1,1,1,1,1,1,2,2,2,3,3,3,3,3,4,4,4,4,4,4,5,5,5,5,5,5,6,7,10,12,12,13,13,16,17,18
10,Los Lagos,10306,San Juan de la Costa,-,-,-,-,-,-,-,-,-,-,-,-,-,-,-,-,-,-,-,-,-,-,7,8,11,11,11,12,13,14,14,13,14,15,15,16,16,17,19,21,22,23,24,24,24,24,25,26,28,28,29,29,29,29,27
10,Los Lagos,10307,San Pablo,-,-,-,-,-,-,-,-,-,-,-,-,-,-,-,-,-,1,1,2,2,2,2,3,6,6,6,6,6,6,6,6,6,6,7,8,8,8,8,8,8,8,8,8,8,8,8,9,10,10,10,10,10,10,9
11,Aysén,11201,Aisén,-,-,-,-,-,-,-,-,-,-,-,-,-,-,-,-,-,1,3,4,4,5,5,5,4,4,4,4,4,3,3,3,3,3,3,3,1,1,1,1,1,1,1,1,1,1,1,1,1,1,1,1,1,1,1
11,Aysén,11401,Chile Chico,-,-,-,-,-,-,-,-,-,-,-,-,-,-,-,-,-,-,-,-,-,-,1,1,1,1,1,1,1,1,1,1,1,1,1,1,1,1,1,1,1,1,1,1,1,1,1,1,1,1,1,1,1,1,1
11,Aysén,11202,Cisnes,-,-,-,-,-,-,-,-,-,-,-,-,-,-,-,-,-,-,-,-,-,-,-,-,-,-,-,-,-,0,0,0,0,0,0,0,0,0,0,0,0,0,0,0,0,0,0,0,0,0,0,0,0,0,0
11,Aysén,11301,Cochrane,-,-,-,-,-,-,-,-,-,-,-,-,-,-,-,-,-,-,-,-,-,-,-,-,-,-,-,-,-,0,0,0,0,0,0,0,0,0,0,0,0,0,0,0,0,0,0,0,0,0,0,0,0,0,0
11,Aysén,11101,Coyhaique,-,-,-,-,-,-,-,-,-,-,-,-,-,-,-,-,-,2,2,2,2,2,1,1,1,1,1,1,1,2,2,2,2,2,2,2,3,3,3,3,3,3,3,3,3,3,3,2,2,2,2,2,2,3,3
11,Aysén,11203,Guaitecas,-,-,-,-,-,-,-,-,-,-,-,-,-,-,-,-,-,-,-,-,-,-,-,-,-,-,-,-,-,0,0,0,0,0,0,0,0,0,0,0,0,0,0,0,0,0,0,0,0,0,0,0,0,0,0
11,Aysén,11102,Lago Verde,-,-,-,-,-,-,-,-,-,-,-,-,-,-,-,-,-,-,-,-,-,-,-,-,-,-,-,-,-,0,0,0,0,0,0,0,0,0,0,0,0,0,0,0,0,0,0,0,0,0,0,0,0,0,0
11,Aysén,11302,O'Higgins,-,-,-,-,-,-,-,-,-,-,-,-,-,-,-,-,-,-,-,-,-,-,-,-,-,-,-,-,-,0,0,0,0,0,0,0,0,0,0,0,0,0,0,0,0,0,0,0,0,0,0,0,0,0,0
11,Aysén,11402,Río Ibáñez,-,-,-,-,-,-,-,-,-,-,-,-,-,-,-,-,-,-,-,-,-,-,-,-,-,-,-,-,-,0,0,0,0,0,0,0,0,0,0,0,0,0,0,0,0,0,0,0,0,0,0,0,0,0,0
11,Aysén,11303,Tortel,-,-,-,-,-,-,-,-,-,-,-,-,-,-,-,-,-,-,-,-,-,-,-,-,1,1,1,1,1,1,1,1,1,1,1,1,0,0,0,0,0,0,0,0,0,0,0,0,0,0,0,0,0,0,0
12,Magallanes,12202,Antártica,-,-,-,-,-,-,-,-,-,-,-,-,-,-,-,-,-,-,-,-,-,-,-,-,-,-,-,-,-,0,0,0,0,0,0,0,0,0,0,0,0,0,0,0,0,0,0,0,0,0,0,0,0,0,0
12,Magallanes,12201,Cabo de Hornos,0,0,0,0,0,0,0,1,1,1,2,2,3,3,5,5,5,6,6,6,7,8,10,10,11,12,13,16,17,18,18,18,18,18,18,18,17,17,17,17,17,18,19,19,19,19,19,19,19,19,19,19,19,19,19
12,Magallanes,12102,Laguna Blanca,-,-,-,-,-,-,-,-,-,-,-,-,-,-,-,-,-,-,-,-,-,-,-,-,-,-,-,-,-,0,0,0,0,0,0,0,0,0,0,0,0,0,0,0,0,0,0,0,0,0,0,0,0,0,0
12,Magallanes,12401,Natales,-,-,-,-,-,-,-,-,-,-,-,-,-,-,-,-,-,4,4,5,5,5,5,5,5,5,6,6,6,6,6,6,6,7,7,7,6,6,6,7,7,8,8,8,8,8,8,8,8,8,8,8,8,8,9
12,Magallanes,12301,Porvenir,-,-,-,-,-,-,-,-,-,-,-,-,-,-,-,-,-,2,2,2,2,2,3,3,3,3,3,4,4,4,4,4,4,5,6,7,8,8,8,8,8,8,8,8,8,8,8,8,8,8,8,8,8,8,9
12,Magallanes,12302,Primavera,-,-,-,-,-,-,-,-,-,-,-,-,-,-,-,-,-,-,-,-,-,-,-,-,-,-,-,-,-,0,0,0,0,1,1,1,1,1,1,1,1,1,1,1,1,1,1,1,1,1,1,1,1,1,1
12,Magallanes,12101,Punta Arenas,0,0,1,1,1,1,2,3,4,6,10,14,16,19,29,29,52,87,102,143,158,175,203,205,207,235,299,347,367,387,401,416,438,470,485,507,516,546,560,571,581,609,620,623,648,672,684,685,707,729,744,760,770,790,825
12,Magallanes,12103,Río Verde,-,-,-,-,-,-,-,-,-,-,-,-,-,-,-,-,-,-,-,-,-,-,-,-,-,-,-,-,-,0,0,0,0,0,0,0,0,0,0,0,0,0,0,0,0,0,0,0,0,0,0,0,0,0,0
12,Magallanes,12104,San Gregorio,-,-,-,-,-,-,-,-,-,-,-,-,-,-,-,-,-,-,-,-,-,-,-,-,-,-,-,-,-,0,0,0,0,0,0,0,0,0,0,0,0,0,0,0,0,0,0,0,0,0,0,0,0,0,1
12,Magallanes,12303,Timaukel,-,-,-,-,-,-,-,-,-,-,-,-,-,-,-,-,-,-,-,-,-,-,-,-,-,-,-,-,-,0,0,0,0,0,0,0,0,0,0,0,0,0,0,0,0,0,0,0,0,0,0,0,0,0,0
12,Magallanes,12402,Torres del Paine,-,-,-,-,-,-,-,-,-,-,-,-,-,-,-,-,-,-,-,-,-,-,-,-,-,-,-,-,-,0,0,0,0,0,0,0,0,0,0,0,0,0,0,0,0,0,0,0,0,1,1,1,1,1,1