region;date;new_cases;cases;deaths;underreporting_estimate;lower;upper;underreporting_estimate_clean
Antofagasta;2020-06-13; 153;  4038;  67;0,52;0,32;0,68;52% (32% - 68%)
Araucanía;2020-06-13;  66;  2645;  36;0,49;0,24;0,76;49% (24% - 76%)
Arica y Parinacota;2020-06-13;  51;  1062;  10;0,21;0,00;1,00;21% (0% - 100%)
Biobío;2020-06-13; 166;  3269;  16;0,00;0,00;1,00;0% (0% - 100%)
Coquimbo;2020-06-13;  74;  1512;   8;0,01;0,00;1,00;1% (0% - 100%)
Los Lagos;2020-06-13;  25;  1108;  13;0,34;0,00;1,00;34% (0% - 100%)
Los Ríos;2020-06-13;   8;   487;   9;0,55;0,00;1,00;55% (0% - 100%)
Magallanes;2020-06-13;  16;  1123;  15;0,35;0,00;1,00;35% (0% - 100%)
Maule;2020-06-13; 153;  2844;  20;0,18;0,00;1,00;18% (0% - 100%)
Metropolitana;2020-06-13;5057;134751;2681;0,55;0,48;0,52;55% (48% - 52%)
Ñuble;2020-06-13;  19;  1737;  22;0,51;0,17;0,83;51% (17% - 83%)
O’Higgins;2020-06-13; 159;  1788;  32;0,68;0,50;0,50;68% (50% - 50%)
Tarapacá;2020-06-13; 181;  4004;  52;0,48;0,23;0,77;48% (23% - 77%)
Valparaíso;2020-06-13; 356;  6527; 120;0,61;0,49;0,51;61% (49% - 51%)
Antofagasta;2020-06-12; 132;  3885;  65;0,53;0,33;0,67;53% (33% - 67%)
Araucanía;2020-06-12;  44;  2579;  35;0,49;0,24;0,76;49% (24% - 76%)
Arica y Parinacota;2020-06-12;  44;  1011;  10;0,25;0,00;1,00;25% (0% - 100%)
Biobío;2020-06-12; 129;  3103;  14;0,00;0,00;1,00;0% (0% - 100%)
Coquimbo;2020-06-12;  93;  1438;   7;0,00;0,00;1,00;0% (0% - 100%)
Los Lagos;2020-06-12;  21;  1083;  12;0,31;0,00;1,00;31% (0% - 100%)
Los Ríos;2020-06-12;  17;   479;   9;0,56;0,00;1,00;56% (0% - 100%)
Magallanes;2020-06-12;   5;  1107;  15;0,35;0,00;1,00;35% (0% - 100%)
Maule;2020-06-12; 131;  2691;  19;0,20;0,00;1,00;20% (0% - 100%)
Metropolitana;2020-06-12;5559;129694;2468;0,53;0,46;0,54;53% (46% - 54%)
Ñuble;2020-06-12;  45;  1718;  20;0,48;0,12;0,88;48% (12% - 88%)
O’Higgins;2020-06-12;  77;  1629;  30;0,69;0,50;0,50;69% (50% - 50%)
Tarapacá;2020-06-12; 127;  3823;  48;0,47;0,20;0,80;47% (20% - 80%)
Valparaíso;2020-06-12; 306;  6171; 118;0,63;0,51;0,49;63% (51% - 49%)
Antofagasta;2020-06-11; 194;  3753;  57;0,48;0,25;0,75;48% (25% - 75%)
Araucanía;2020-06-11;  47;  2535;  34;0,49;0,24;0,76;49% (24% - 76%)
Arica y Parinacota;2020-06-11;  37;   967;  10;0,28;0,00;1,00;28% (0% - 100%)
Biobío;2020-06-11; 128;  2974;  12;0,00;0,00;1,00;0% (0% - 100%)
Coquimbo;2020-06-11;  89;  1345;   7;0,07;0,00;1,00;7% (0% - 100%)
Los Lagos;2020-06-11;  21;  1062;  12;0,33;0,00;1,00;33% (0% - 100%)
Los Ríos;2020-06-11;  10;   462;   8;0,52;0,00;1,00;52% (0% - 100%)
Magallanes;2020-06-11;  13;  1102;  15;0,36;0,00;1,00;36% (0% - 100%)
Maule;2020-06-11; 120;  2560;  19;0,25;0,00;1,00;25% (0% - 100%)
Metropolitana;2020-06-11;4389;124135;2273;0,52;0,44;0,56;52% (44% - 56%)
Ñuble;2020-06-11;  57;  1673;  20;0,50;0,15;0,85;50% (15% - 85%)
O’Higgins;2020-06-11; 110;  1552;  28;0,69;0,50;0,50;69% (50% - 50%)
Tarapacá;2020-06-11; 105;  3696;  46;0,48;0,22;0,78;48% (22% - 78%)
Valparaíso;2020-06-11; 251;  5865; 107;0,62;0,49;0,51;62% (49% - 51%)
Antofagasta;2020-06-10; 157;  3559;  56;0,50;0,27;0,73;50% (27% - 73%)
Araucanía;2020-06-10;  43;  2488;  33;0,49;0,24;0,76;49% (24% - 76%)
Arica y Parinacota;2020-06-10;  16;   930;  10;0,32;0,00;1,00;32% (0% - 100%)
Biobío;2020-06-10; 152;  2846;  11;0,00;0,00;1,00;0% (0% - 100%)
Coquimbo;2020-06-10;  81;  1256;   6;0,03;0,00;1,00;3% (0% - 100%)
Los Lagos;2020-06-10;  13;  1041;  12;0,35;0,00;1,00;35% (0% - 100%)
Los Ríos;2020-06-10;   6;   452;   8;0,54;0,00;1,00;54% (0% - 100%)
Magallanes;2020-06-10;   1;  1089;  15;0,36;0,00;1,00;36% (0% - 100%)
Maule;2020-06-10; 151;  2440;  18;0,27;0,00;1,00;27% (0% - 100%)
Metropolitana;2020-06-10;4620;119746;2115;0,50;0,42;0,58;50% (42% - 58%)
Ñuble;2020-06-10;  32;  1616;  20;0,52;0,18;0,82;52% (18% - 82%)
O’Higgins;2020-06-10; 125;  1442;  26;0,69;0,49;0,51;69% (49% - 51%)
Tarapacá;2020-06-10; 100;  3591;  46;0,52;0,27;0,73;52% (27% - 73%)
Valparaíso;2020-06-10; 223;  5614;  99;0,61;0,48;0,52;61% (48% - 52%)
Antofagasta;2020-06-09; 157;  3402;  45;0,40;0,10;0,90;40% (10% - 90%)
Araucanía;2020-06-09;  35;  2445;  32;0,49;0,24;0,76;49% (24% - 76%)
Arica y Parinacota;2020-06-09;  40;   914;   8;0,19;0,00;1,00;19% (0% - 100%)
Biobío;2020-06-09;  43;  2694;  11;0,00;0,00;1,00;0% (0% - 100%)
Coquimbo;2020-06-09;  52;  1175;   5;0,00;0,00;1,00;0% (0% - 100%)
Los Lagos;2020-06-09;  18;  1028;  12;0,37;0,00;1,00;37% (0% - 100%)
Los Ríos;2020-06-09;  21;   446;   8;0,56;0,00;1,00;56% (0% - 100%)
Magallanes;2020-06-09;   0;  1088;  15;0,37;0,00;1,00;37% (0% - 100%)
Maule;2020-06-09; 113;  2289;  18;0,32;0,00;1,00;32% (0% - 100%)
Metropolitana;2020-06-09;2990;115126;1968;0,49;0,41;0,59;49% (41% - 59%)
Ñuble;2020-06-09;  32;  1584;  18;0,49;0,11;0,89;49% (11% - 89%)
O’Higgins;2020-06-09;  62;  1317;  23;0,68;0,46;0,54;68% (46% - 54%)
Tarapacá;2020-06-09;  99;  3491;  35;0,41;0,05;0,95;41% (5% - 95%)
Valparaíso;2020-06-09; 242;  5391;  85;0,58;0,42;0,58;58% (42% - 58%)
Antofagasta;2020-06-08;  91;  3245;  45;0,43;0,14;0,86;43% (14% - 86%)
Araucanía;2020-06-08;  33;  2410;  32;0,50;0,25;0,75;50% (25% - 75%)
Arica y Parinacota;2020-06-08;  24;   874;   8;0,23;0,00;1,00;23% (0% - 100%)
Biobío;2020-06-08;  56;  2651;  11;0,00;0,00;1,00;0% (0% - 100%)
Coquimbo;2020-06-08; 133;  1123;   5;0,05;0,00;1,00;5% (0% - 100%)
Los Lagos;2020-06-08;   7;  1010;  12;0,39;0,00;1,00;39% (0% - 100%)
Los Ríos;2020-06-08;   8;   425;   8;0,57;0,00;1,00;57% (0% - 100%)
Magallanes;2020-06-08;   6;  1088;  15;0,37;0,00;1,00;37% (0% - 100%)
Maule;2020-06-08;  67;  2176;  18;0,36;0,00;1,00;36% (0% - 100%)
Metropolitana;2020-06-08;3674;112136;1950;0,51;0,43;0,57;51% (43% - 57%)
Ñuble;2020-06-08;  62;  1552;  18;0,51;0,14;0,86;51% (14% - 86%)
O’Higgins;2020-06-08;  72;  1255;  22;0,68;0,47;0,53;68% (47% - 53%)
Tarapacá;2020-06-08; 142;  3392;  35;0,45;0,12;0,88;45% (12% - 88%)
Valparaíso;2020-06-08; 287;  5149;  85;0,61;0,46;0,54;61% (46% - 54%)
Antofagasta;2020-06-07; 121;  3154;  44;0,44;0,15;0,85;44% (15% - 85%)
Araucanía;2020-06-07;  56;  2377;  31;0,50;0,25;0,75;50% (25% - 75%)
Arica y Parinacota;2020-06-07;  31;   850;   8;0,27;0,00;1,00;27% (0% - 100%)
Biobío;2020-06-07; 105;  2595;  11;0,00;0,00;1,00;0% (0% - 100%)
Coquimbo;2020-06-07;  92;   990;   4;0,00;0,00;1,00;0% (0% - 100%)
Los Lagos;2020-06-07;  18;  1003;  12;0,41;0,00;1,00;41% (0% - 100%)
Los Ríos;2020-06-07;  17;   417;   8;0,59;0,00;1,00;59% (0% - 100%)
Magallanes;2020-06-07;   1;  1082;  14;0,34;0,00;1,00;34% (0% - 100%)
Maule;2020-06-07; 140;  2109;  18;0,40;0,00;1,00;40% (0% - 100%)
Metropolitana;2020-06-07;5268;108462;1884;0,52;0,44;0,56;52% (44% - 56%)
Ñuble;2020-06-07;  20;  1490;  18;0,52;0,17;0,83;52% (17% - 83%)
O’Higgins;2020-06-07;  72;  1183;  20;0,68;0,45;0,55;68% (45% - 55%)
Tarapacá;2020-06-07; 156;  3250;  35;0,49;0,19;0,81;49% (19% - 81%)
Valparaíso;2020-06-07; 282;  4862;  83;0,62;0,48;0,52;62% (48% - 52%)
Antofagasta;2020-06-06; 109;  3033;  47;0,46;0,18;0,82;46% (18% - 82%)
Araucanía;2020-06-06;  33;  2321;  49;0,51;0,26;0,74;51% (26% - 74%)
Arica y Parinacota;2020-06-06;  37;   819;   9;0,30;0,00;1,00;30% (0% - 100%)
Biobío;2020-06-06; 111;  2490;  13;0,00;0,00;1,00;0% (0% - 100%)
Coquimbo;2020-06-06;  66;   898;   5;0,05;0,00;1,00;5% (0% - 100%)
Los Lagos;2020-06-06;  17;   985;  13;0,42;0,00;1,00;42% (0% - 100%)
Los Ríos;2020-06-06;  10;   400;   8;0,60;0,00;1,00;60% (0% - 100%)
Magallanes;2020-06-06;   9;  1081;  19;0,35;0,00;1,00;35% (0% - 100%)
Maule;2020-06-06; 135;  1969;  24;0,44;0,03;0,97;44% (3% - 97%)
Metropolitana;2020-06-06;4128;103194;1184;0,27;0,14;0,86;27% (14% - 86%)
Ñuble;2020-06-06;  41;  1470;  24;0,54;0,19;0,81;54% (19% - 81%)
O’Higgins;2020-06-06;  95;  1111;  25;0,70;0,48;0,52;70% (48% - 52%)
Tarapacá;2020-06-06; 129;  3094;  30;0,45;0,10;0,90;45% (10% - 90%)
Valparaíso;2020-06-06; 314;  4580;  91;0,64;0,51;0,49;64% (51% - 49%)
Antofagasta;2020-06-05;  62;  2924;  42;0,42;0,10;0,90;42% (10% - 90%)
Araucanía;2020-06-05; 106;  2288;  48;0,51;0,26;0,74;51% (26% - 74%)
Arica y Parinacota;2020-06-05;  46;   782;   9;0,33;0,00;1,00;33% (0% - 100%)
Biobío;2020-06-05;  78;  2379;  13;0,00;0,00;1,00;0% (0% - 100%)
Coquimbo;2020-06-05;  60;   832;   5;0,16;0,00;1,00;16% (0% - 100%)
Los Lagos;2020-06-05;  42;   968;  13;0,44;0,00;1,00;44% (0% - 100%)
Los Ríos;2020-06-05;  11;   390;   8;0,62;0,00;1,00;62% (0% - 100%)
Magallanes;2020-06-05;   3;  1072;  19;0,35;0,00;1,00;35% (0% - 100%)
Maule;2020-06-05; 102;  1834;  24;0,47;0,08;0,92;47% (8% - 92%)
Metropolitana;2020-06-05;3176; 99066;1105;0,26;0,13;0,87;26% (13% - 87%)
Ñuble;2020-06-05;  57;  1429;  24;0,55;0,21;0,79;55% (21% - 79%)
O’Higgins;2020-06-05;  49;  1016;  22;0,67;0,42;0,58;67% (42% - 58%)
Tarapacá;2020-06-05; 155;  2965;  28;0,46;0,10;0,90;46% (10% - 90%)
Valparaíso;2020-06-05; 249;  4266;  88;0,65;0,52;0,48;65% (52% - 48%)
Antofagasta;2020-06-04; 146;  2862;  38;0,38;0,03;0,97;38% (3% - 97%)
Araucanía;2020-06-04;   9;  2182;  47;0,51;0,26;0,74;51% (26% - 74%)
Arica y Parinacota;2020-06-04;  35;   736;   8;0,27;0,00;1,00;27% (0% - 100%)
Biobío;2020-06-04;  86;  2301;  13;0,00;0,00;1,00;0% (0% - 100%)
Coquimbo;2020-06-04;  54;   772;   4;0,01;0,00;1,00;1% (0% - 100%)
Los Lagos;2020-06-04;  13;   926;  13;0,46;0,00;1,00;46% (0% - 100%)
Los Ríos;2020-06-04;   7;   379;   8;0,64;0,00;1,00;64% (0% - 100%)
Magallanes;2020-06-04;   6;  1069;  19;0,36;0,00;1,00;36% (0% - 100%)
Maule;2020-06-04; 137;  1732;  21;0,43;0,00;1,00;43% (0% - 100%)
Metropolitana;2020-06-04;3699; 95890;1034;0,25;0,12;0,88;25% (12% - 88%)
Ñuble;2020-06-04;  43;  1372;  24;0,56;0,24;0,76;56% (24% - 76%)
O’Higgins;2020-06-04;  36;   967;  21;0,68;0,42;0,58;68% (42% - 58%)
Tarapacá;2020-06-04; 128;  2810;  28;0,51;0,18;0,82;51% (18% - 82%)
Valparaíso;2020-06-04; 248;  4017;  78;0,63;0,48;0,52;63% (48% - 52%)
Antofagasta;2020-06-03;  67;  2716;  36;0,37;0,01;0,99;37% (1% - 99%)
Araucanía;2020-06-03;  32;  2173;  47;0,52;0,27;0,73;52% (27% - 73%)
Arica y Parinacota;2020-06-03;  47;   701;   8;0,30;0,00;1,00;30% (0% - 100%)
Biobío;2020-06-03; 133;  2215;  11;0,00;0,00;1,00;0% (0% - 100%)
Coquimbo;2020-06-03;  31;   718;   4;0,15;0,00;1,00;15% (0% - 100%)
Los Lagos;2020-06-03;  19;   913;  13;0,48;0,00;1,00;48% (0% - 100%)
Los Ríos;2020-06-03;   4;   372;   8;0,65;0,05;0,95;65% (5% - 95%)
Magallanes;2020-06-03;   3;  1063;  19;0,36;0,00;1,00;36% (0% - 100%)
Maule;2020-06-03; 214;  1595;  19;0,40;0,00;1,00;40% (0% - 100%)
Metropolitana;2020-06-03;3997; 92191; 961;0,24;0,10;0,90;24% (10% - 90%)
Ñuble;2020-06-03;  39;  1329;  24;0,57;0,26;0,74;57% (26% - 74%)
O’Higgins;2020-06-03;  88;   931;  20;0,68;0,42;0,58;68% (42% - 58%)
Tarapacá;2020-06-03;  88;  2682;  28;0,56;0,27;0,73;56% (27% - 73%)
Valparaíso;2020-06-03; 174;  3769;  77;0,65;0,51;0,49;65% (51% - 49%)
Antofagasta;2020-06-02;  64;  2649;  34;0,37;0,00;1,00;37% (0% - 100%)
Araucanía;2020-06-02;  30;  2141;  47;0,53;0,29;0,71;53% (29% - 71%)
Arica y Parinacota;2020-06-02;  18;   654;   8;0,33;0,00;1,00;33% (0% - 100%)
Biobío;2020-06-02;  12;  2082;  11;0,00;0,00;1,00;0% (0% - 100%)
Coquimbo;2020-06-02;  19;   687;   2;0,00;0,00;1,00;0% (0% - 100%)
Los Lagos;2020-06-02;  31;   894;  13;0,49;0,00;1,00;49% (0% - 100%)
Los Ríos;2020-06-02;   5;   368;   7;0,61;0,00;1,00;61% (0% - 100%)
Magallanes;2020-06-02;   4;  1060;  19;0,37;0,00;1,00;37% (0% - 100%)
Maule;2020-06-02;  40;  1381;  17;0,37;0,00;1,00;37% (0% - 100%)
Metropolitana;2020-06-02;2955; 88194; 894;0,23;0,09;0,91;23% (9% - 91%)
Ñuble;2020-06-02;   0;  1290;  23;0,57;0,24;0,76;57% (24% - 76%)
O’Higgins;2020-06-02;  30;   843;  18;0,67;0,37;0,63;67% (37% - 63%)
Tarapacá;2020-06-02;  68;  2594;  23;0,52;0,15;0,85;52% (15% - 85%)
Valparaíso;2020-06-02; 247;  3595;  72;0,64;0,50;0,50;64% (50% - 50%)
Antofagasta;2020-06-01;  75;  2585;  32;0,35;0,00;1,00;35% (0% - 100%)
Araucanía;2020-06-01;  40;  2111;  47;0,54;0,30;0,70;54% (30% - 70%)
Arica y Parinacota;2020-06-01;  17;   636;   8;0,35;0,00;1,00;35% (0% - 100%)
Biobío;2020-06-01;  91;  2070;  11;0,00;0,00;1,00;0% (0% - 100%)
Coquimbo;2020-06-01;  40;   668;   2;0,00;0,00;1,00;0% (0% - 100%)
Los Lagos;2020-06-01;   0;   863;  13;0,51;0,00;1,00;51% (0% - 100%)
Los Ríos;2020-06-01;   7;   363;   7;0,63;0,00;1,00;63% (0% - 100%)
Magallanes;2020-06-01;   0;  1056;  19;0,37;0,00;1,00;37% (0% - 100%)
Maule;2020-06-01;  44;  1341;  17;0,41;0,00;1,00;41% (0% - 100%)
Metropolitana;2020-06-01;4735; 85239; 824;0,22;0,07;0,93;22% (7% - 93%)
Ñuble;2020-06-01;  33;  1290;  23;0,58;0,26;0,74;58% (26% - 74%)
O’Higgins;2020-06-01;  28;   813;  18;0,69;0,42;0,58;69% (42% - 58%)
Tarapacá;2020-06-01; 165;  2526;  22;0,55;0,20;0,80;55% (20% - 80%)
Valparaíso;2020-06-01; 181;  3348;  70;0,66;0,51;0,49;66% (51% - 49%)
Antofagasta;2020-05-31;  81;  2510;  31;0,36;0,00;1,00;36% (0% - 100%)
Araucanía;2020-05-31;  11;  2071;  47;0,55;0,31;0,69;55% (31% - 69%)
Arica y Parinacota;2020-05-31;  31;   619;   7;0,28;0,00;1,00;28% (0% - 100%)
Biobío;2020-05-31;  91;  1979;  11;0,00;0,00;1,00;0% (0% - 100%)
Coquimbo;2020-05-31;  31;   628;   2;0,00;0,00;1,00;0% (0% - 100%)
Los Lagos;2020-05-31;   3;   863;  13;0,52;0,00;1,00;52% (0% - 100%)
Los Ríos;2020-05-31;  11;   356;   6;0,58;0,00;1,00;58% (0% - 100%)
Magallanes;2020-05-31;   2;  1056;  19;0,38;0,00;1,00;38% (0% - 100%)
Maule;2020-05-31;  41;  1297;  15;0,37;0,00;1,00;37% (0% - 100%)
Metropolitana;2020-05-31;4253; 80504; 775;0,22;0,07;0,93;22% (7% - 93%)
Ñuble;2020-05-31;   1;  1257;  23;0,60;0,29;0,71;60% (29% - 71%)
O’Higgins;2020-05-31;  29;   785;  18;0,71;0,46;0,54;71% (46% - 54%)
Tarapacá;2020-05-31; 111;  2361;  21;0,58;0,25;0,75;58% (25% - 75%)
Valparaíso;2020-05-31; 130;  3167;  66;0,66;0,51;0,49;66% (51% - 49%)
Antofagasta;2020-05-30; 111;  2429;  29;0,35;0,00;1,00;35% (0% - 100%)
Araucanía;2020-05-30;  71;  2060;  47;0,55;0,33;0,67;55% (33% - 67%)
Arica y Parinacota;2020-05-30;   6;   588;   7;0,31;0,00;1,00;31% (0% - 100%)
Biobío;2020-05-30; 110;  1888;  11;0,00;0,00;1,00;0% (0% - 100%)
Coquimbo;2020-05-30;  60;   597;   2;0,00;0,00;1,00;0% (0% - 100%)
Los Lagos;2020-05-30;  38;   860;  13;0,54;0,02;0,98;54% (2% - 98%)
Los Ríos;2020-05-30;  15;   345;   6;0,60;0,00;1,00;60% (0% - 100%)
Magallanes;2020-05-30;   7;  1054;  19;0,39;0,00;1,00;39% (0% - 100%)
Maule;2020-05-30;  76;  1256;  15;0,41;0,00;1,00;41% (0% - 100%)
Metropolitana;2020-05-30;3341; 76251; 728;0,22;0,07;0,93;22% (7% - 93%)
Ñuble;2020-05-30;  14;  1256;  23;0,61;0,31;0,69;61% (31% - 69%)
O’Higgins;2020-05-30;  11;   756;  16;0,70;0,41;0,59;70% (41% - 59%)
Tarapacá;2020-05-30; 157;  2250;  18;0,57;0,19;0,81;57% (19% - 81%)
Valparaíso;2020-05-30; 195;  3037;  63;0,66;0,51;0,49;66% (51% - 49%)
Antofagasta;2020-05-29;  70;  2318;  28;0,36;0,00;1,00;36% (0% - 100%)
Araucanía;2020-05-29;  35;  1989;  47;0,56;0,34;0,66;56% (34% - 66%)
Arica y Parinacota;2020-05-29;  20;   582;   7;0,34;0,00;1,00;34% (0% - 100%)
Biobío;2020-05-29; 101;  1778;  11;0,00;0,00;1,00;0% (0% - 100%)
Coquimbo;2020-05-29;  55;   537;   2;0,00;0,00;1,00;0% (0% - 100%)
Los Lagos;2020-05-29;   8;   822;  13;0,56;0,05;0,95;56% (5% - 95%)
Los Ríos;2020-05-29;  12;   330;   6;0,62;0,00;1,00;62% (0% - 100%)
Magallanes;2020-05-29;   7;  1047;  19;0,40;0,00;1,00;40% (0% - 100%)
Maule;2020-05-29;  60;  1180;  15;0,44;0,00;1,00;44% (0% - 100%)
Metropolitana;2020-05-29;2995; 72910; 685;0,23;0,08;0,92;23% (8% - 92%)
Ñuble;2020-05-29;  37;  1242;  22;0,60;0,30;0,70;60% (30% - 70%)
O’Higgins;2020-05-29;  40;   745;  14;0,68;0,35;0,65;68% (35% - 65%)
Tarapacá;2020-05-29; 136;  2093;  14;0,51;0,00;1,00;51% (0% - 100%)
Valparaíso;2020-05-29; 112;  2842;  61;0,67;0,53;0,47;67% (53% - 47%)
Antofagasta;2020-05-28; 111;  2248;  28;0,39;0,00;1,00;39% (0% - 100%)
Araucanía;2020-05-28;  38;  1954;  45;0,55;0,32;0,68;55% (32% - 68%)
Arica y Parinacota;2020-05-28;  21;   562;   7;0,37;0,00;1,00;37% (0% - 100%)
Biobío;2020-05-28; 112;  1677;  10;0,00;0,00;1,00;0% (0% - 100%)
Coquimbo;2020-05-28;  27;   482;   2;0,20;0,00;1,00;20% (0% - 100%)
Los Lagos;2020-05-28;  23;   814;  13;0,57;0,08;0,92;57% (8% - 92%)
Los Ríos;2020-05-28;   9;   318;   6;0,63;0,00;1,00;63% (0% - 100%)
Magallanes;2020-05-28;   3;  1040;  18;0,37;0,00;1,00;37% (0% - 100%)
Maule;2020-05-28;  54;  1120;  15;0,48;0,00;1,00;48% (0% - 100%)
Metropolitana;2020-05-28;3904; 69915; 638;0,23;0,08;0,92;23% (8% - 92%)
Ñuble;2020-05-28;  31;  1205;  22;0,62;0,32;0,68;62% (32% - 68%)
O’Higgins;2020-05-28;  14;   705;  14;0,71;0,40;0,60;71% (40% - 60%)
Tarapacá;2020-05-28; 146;  1957;  12;0,50;0,00;1,00;50% (0% - 100%)
Valparaíso;2020-05-28; 154;  2730;  60;0,69;0,55;0,45;69% (55% - 45%)
Antofagasta;2020-05-27;  74;  2137;  25;0,35;0,00;1,00;35% (0% - 100%)
Araucanía;2020-05-27;  33;  1916;  45;0,56;0,33;0,67;56% (33% - 67%)
Arica y Parinacota;2020-05-27;  19;   541;   7;0,39;0,00;1,00;39% (0% - 100%)
Biobío;2020-05-27;  63;  1565;  10;0,00;0,00;1,00;0% (0% - 100%)
Los Lagos;2020-05-27;  10;   791;  13;0,58;0,11;0,89;58% (11% - 89%)
Los Ríos;2020-05-27;   5;   309;   6;0,65;0,00;1,00;65% (0% - 100%)
Magallanes;2020-05-27;   6;  1037;  18;0,38;0,00;1,00;38% (0% - 100%)
Maule;2020-05-27;  53;  1066;  15;0,51;0,01;0,99;51% (1% - 99%)
Metropolitana;2020-05-27;3726; 66011; 595;0,23;0,08;0,92;23% (8% - 92%)
Ñuble;2020-05-27;  27;  1174;  22;0,63;0,34;0,66;63% (34% - 66%)
O’Higgins;2020-05-27;  37;   691;  14;0,74;0,46;0,54;74% (46% - 54%)
Tarapacá;2020-05-27;  74;  1811;  11;0,54;0,00;1,00;54% (0% - 100%)
Valparaíso;2020-05-27; 121;  2576;  58;0,70;0,56;0,44;70% (56% - 44%)
Antofagasta;2020-05-26;  48;  2063;  23;0,33;0,00;1,00;33% (0% - 100%)
Araucanía;2020-05-26;  26;  1883;  45;0,57;0,34;0,66;57% (34% - 66%)
Arica y Parinacota;2020-05-26;   9;   522;   7;0,42;0,00;1,00;42% (0% - 100%)
Biobío;2020-05-26;  44;  1502;  10;0,00;0,00;1,00;0% (0% - 100%)
Los Lagos;2020-05-26;  18;   781;  13;0,60;0,14;0,86;60% (14% - 86%)
Los Ríos;2020-05-26;   7;   304;   6;0,67;0,00;1,00;67% (0% - 100%)
Magallanes;2020-05-26;  15;  1031;  18;0,38;0,00;1,00;38% (0% - 100%)
Maule;2020-05-26;  60;  1013;  15;0,54;0,07;0,93;54% (7% - 93%)
Metropolitana;2020-05-26;3355; 62285; 567;0,25;0,10;0,90;25% (10% - 90%)
Ñuble;2020-05-26;   8;  1147;  22;0,64;0,37;0,63;64% (37% - 63%)
O’Higgins;2020-05-26;  66;   654;  13;0,74;0,45;0,55;74% (45% - 55%)
Valparaíso;2020-05-26; 150;  2455;  57;0,71;0,58;0,42;71% (58% - 42%)
Antofagasta;2020-05-25;  68;  2015;  21;0,30;0,00;1,00;30% (0% - 100%)
Araucanía;2020-05-25;  49;  1857;  45;0,58;0,35;0,65;58% (35% - 65%)
Arica y Parinacota;2020-05-25;  15;   513;   7;0,44;0,00;1,00;44% (0% - 100%)
Biobío;2020-05-25;  44;  1458;  10;0,00;0,00;1,00;0% (0% - 100%)
Los Lagos;2020-05-25;  27;   763;  13;0,61;0,17;0,83;61% (17% - 83%)
Los Ríos;2020-05-25;   7;   297;   6;0,68;0,00;1,00;68% (0% - 100%)
Magallanes;2020-05-25;   6;  1016;  18;0,39;0,00;1,00;39% (0% - 100%)
Maule;2020-05-25;  61;   953;  15;0,57;0,13;0,87;57% (13% - 87%)
Metropolitana;2020-05-25;4386; 58930; 529;0,25;0,10;0,90;25% (10% - 90%)
Ñuble;2020-05-25;  37;  1139;  22;0,65;0,39;0,61;65% (39% - 61%)
O’Higgins;2020-05-25;  34;   588;  13;0,76;0,50;0,50;76% (50% - 50%)
Valparaíso;2020-05-25;  75;  2305;  53;0,71;0,58;0,42;71% (58% - 42%)
Antofagasta;2020-05-24;  50;  1947;  21;0,34;0,00;1,00;34% (0% - 100%)
Araucanía;2020-05-24;  34;  1808;  45;0,58;0,37;0,63;58% (37% - 63%)
Arica y Parinacota;2020-05-24;  16;   498;   7;0,47;0,00;1,00;47% (0% - 100%)
Biobío;2020-05-24;  60;  1414;  10;0,00;0,00;1,00;0% (0% - 100%)
Los Lagos;2020-05-24;   9;   736;  13;0,62;0,19;0,81;62% (19% - 81%)
Los Ríos;2020-05-24;  16;   290;   6;0,69;0,00;1,00;69% (0% - 100%)
Magallanes;2020-05-24;  13;  1010;  18;0,40;0,00;1,00;40% (0% - 100%)
Maule;2020-05-24;  69;   892;  15;0,59;0,18;0,82;59% (18% - 82%)
Metropolitana;2020-05-24;3145; 54544; 494;0,26;0,10;0,90;26% (10% - 90%)
Ñuble;2020-05-24;  25;  1102;  21;0,65;0,37;0,63;65% (37% - 63%)
O’Higgins;2020-05-24;  36;   554;  11;0,74;0,42;0,58;74% (42% - 58%)
Valparaíso;2020-05-24; 114;  2230;  48;0,71;0,56;0,44;71% (56% - 44%)
Antofagasta;2020-05-23;  56;  1897;  21;0,39;0,00;1,00;39% (0% - 100%)
Araucanía;2020-05-23;  37;  1774;  45;0,59;0,38;0,62;59% (38% - 62%)
Arica y Parinacota;2020-05-23;  11;   482;   7;0,49;0,00;1,00;49% (0% - 100%)
Biobío;2020-05-23;  43;  1354;  10;0,00;0,00;1,00;0% (0% - 100%)
Los Lagos;2020-05-23;  10;   727;  13;0,63;0,21;0,79;63% (21% - 79%)
Los Ríos;2020-05-23;  12;   274;   6;0,70;0,00;1,00;70% (0% - 100%)
Magallanes;2020-05-23;   5;   997;  18;0,41;0,00;1,00;41% (0% - 100%)
Maule;2020-05-23;  41;   823;  15;0,61;0,22;0,78;61% (22% - 78%)
Metropolitana;2020-05-23;3049; 51399; 455;0,25;0,09;0,91;25% (9% - 91%)
Ñuble;2020-05-23;  52;  1077;  21;0,66;0,39;0,61;66% (39% - 61%)
O’Higgins;2020-05-23;  26;   518;  11;0,77;0,48;0,52;77% (48% - 52%)
Valparaíso;2020-05-23;  96;  2116;  44;0,70;0,55;0,45;70% (55% - 45%)
Antofagasta;2020-05-22;  63;  1841;  17;0,28;0,00;1,00;28% (0% - 100%)
Araucanía;2020-05-22;  22;  1737;  45;0,60;0,39;0,61;60% (39% - 61%)
Arica y Parinacota;2020-05-22;  18;   471;   7;0,51;0,00;1,00;51% (0% - 100%)
Biobío;2020-05-22;  48;  1311;  10;0,00;0,00;1,00;0% (0% - 100%)
Los Lagos;2020-05-22;  24;   717;  13;0,64;0,24;0,76;64% (24% - 76%)
Los Ríos;2020-05-22;   4;   262;   6;0,71;0,03;0,97;71% (3% - 97%)
Magallanes;2020-05-22;   5;   992;  18;0,42;0,00;1,00;42% (0% - 100%)
Maule;2020-05-22;  51;   782;  15;0,63;0,26;0,74;63% (26% - 74%)
Metropolitana;2020-05-22;3709; 48350; 423;0,25;0,08;0,92;25% (8% - 92%)
Ñuble;2020-05-22;   5;  1025;  21;0,67;0,41;0,59;67% (41% - 59%)
O’Higgins;2020-05-22;  27;   492;   8;0,71;0,22;0,78;71% (22% - 78%)
Valparaíso;2020-05-22; 133;  2020;  40;0,70;0,53;0,47;70% (53% - 47%)
Antofagasta;2020-05-21;  47;  1778;  17;0,34;0,00;1,00;34% (0% - 100%)
Araucanía;2020-05-21;  35;  1715;  44;0,60;0,38;0,62;60% (38% - 62%)
Arica y Parinacota;2020-05-21;  29;   453;   7;0,52;0,00;1,00;52% (0% - 100%)
Biobío;2020-05-21;  39;  1263;   9;0,00;0,00;1,00;0% (0% - 100%)
Biobío;2020-05-21;  39;  1263;   9;0,00;0,00;1,00;0% (0% - 100%)
Los Lagos;2020-05-21;  27;   693;  13;0,65;0,26;0,74;65% (26% - 74%)
Los Ríos;2020-05-21;  11;   258;   6;0,72;0,05;0,95;72% (5% - 95%)
Magallanes;2020-05-21;  10;   987;  18;0,43;0,00;1,00;43% (0% - 100%)
Maule;2020-05-21;  51;   731;  15;0,65;0,29;0,71;65% (29% - 71%)
Metropolitana;2020-05-21;3462; 44641; 388;0,24;0,06;0,94;24% (6% - 94%)
Ñuble;2020-05-21;   9;  1020;  21;0,68;0,43;0,57;68% (43% - 57%)
O’Higgins;2020-05-21;  10;   465;   7;0,71;0,14;0,86;71% (14% - 86%)
Valparaíso;2020-05-21; 117;  1887;  38;0,70;0,54;0,46;70% (54% - 46%)
Antofagasta;2020-05-20;  83;  1731;  17;0,38;0,00;1,00;38% (0% - 100%)
Araucanía;2020-05-20;  14;  1680;  44;0,60;0,39;0,61;60% (39% - 61%)
Arica y Parinacota;2020-05-20;   2;   424;   7;0,54;0,00;1,00;54% (0% - 100%)
Biobío;2020-05-20;  52;  1224;   9;0,00;0,00;1,00;0% (0% - 100%)
Biobío;2020-05-20;  52;  1224;   9;0,00;0,00;1,00;0% (0% - 100%)
Los Lagos;2020-05-20;  10;   666;  12;0,63;0,19;0,81;63% (19% - 81%)
Los Ríos;2020-05-20;  18;   247;   6;0,73;0,08;0,92;73% (8% - 92%)
Magallanes;2020-05-20;   5;   977;  18;0,44;0,00;1,00;44% (0% - 100%)
Maule;2020-05-20;  40;   680;  14;0,64;0,25;0,75;64% (25% - 75%)
Metropolitana;2020-05-20;3588; 41179; 348;0,21;0,02;0,98;21% (2% - 98%)
Ñuble;2020-05-20;  23;  1011;  21;0,69;0,44;0,56;69% (44% - 56%)
O’Higgins;2020-05-20;  13;   455;   7;0,75;0,27;0,73;75% (27% - 73%)
O’Higgins;2020-05-20;  13;   455;   7;0,75;0,27;0,73;75% (27% - 73%)
Valparaíso;2020-05-20; 131;  1770;  35;0,70;0,53;0,47;70% (53% - 47%)
Antofagasta;2020-05-19;  59;  1648;  16;0,39;0,00;1,00;39% (0% - 100%)
Araucanía;2020-05-19;  27;  1666;  44;0,61;0,40;0,60;61% (40% - 60%)
Arica y Parinacota;2020-05-19;  24;   422;   7;0,55;0,00;1,00;55% (0% - 100%)
Biobío;2020-05-19;  28;  1172;   9;0,00;0,00;1,00;0% (0% - 100%)
Biobío;2020-05-19;  28;  1172;   9;0,00;0,00;1,00;0% (0% - 100%)
Los Lagos;2020-05-19;   4;   656;  12;0,64;0,21;0,79;64% (21% - 79%)
Los Ríos;2020-05-19;   5;   229;   6;0,73;0,10;0,90;73% (10% - 90%)
Magallanes;2020-05-19;   1;   972;  17;0,41;0,00;1,00;41% (0% - 100%)
Maule;2020-05-19;  38;   640;  14;0,65;0,28;0,72;65% (28% - 72%)
Metropolitana;2020-05-19;3140; 37591; 318;0,19;0,00;1,00;19% (0% - 100%)
Ñuble;2020-05-19;   3;   988;  21;0,70;0,46;0,54;70% (46% - 54%)
O’Higgins;2020-05-19;  24;   442;   7;0,79;0,38;0,62;79% (38% - 62%)
O’Higgins;2020-05-19;  24;   442;   7;0,79;0,38;0,62;79% (38% - 62%)
Valparaíso;2020-05-19;  86;  1639;  32;0,70;0,51;0,49;70% (51% - 49%)
Antofagasta;2020-05-18;  84;  1589;  14;0,36;0,00;1,00;36% (0% - 100%)
Araucanía;2020-05-18;  33;  1639;  44;0,62;0,41;0,59;62% (41% - 59%)
Arica y Parinacota;2020-05-18;  20;   398;   7;0,57;0,00;1,00;57% (0% - 100%)
Biobío;2020-05-18;  45;  1144;   9;0,00;0,00;1,00;0% (0% - 100%)
Biobío;2020-05-18;  45;  1144;   9;0,00;0,00;1,00;0% (0% - 100%)
Los Lagos;2020-05-18;   5;   652;  11;0,62;0,13;0,87;62% (13% - 87%)
Los Ríos;2020-05-18;   4;   224;   6;0,74;0,12;0,88;74% (12% - 88%)
Magallanes;2020-05-18;  10;   971;  16;0,39;0,00;1,00;39% (0% - 100%)
Maule;2020-05-18;  29;   602;  14;0,66;0,30;0,70;66% (30% - 70%)
Metropolitana;2020-05-18;1767; 34451; 294;0,18;0,00;1,00;18% (0% - 100%)
Ñuble;2020-05-18;  43;   985;  21;0,71;0,47;0,53;71% (47% - 53%)
O’Higgins;2020-05-18;  52;   418;   6;0,79;0,30;0,70;79% (30% - 70%)
O’Higgins;2020-05-18;  52;   418;   6;0,79;0,30;0,70;79% (30% - 70%)
Valparaíso;2020-05-18;  79;  1553;  30;0,70;0,51;0,49;70% (51% - 49%)
Antofagasta;2020-05-17;  76;  1505;  13;0,36;0,00;1,00;36% (0% - 100%)
Araucanía;2020-05-17;  19;  1606;  44;0,62;0,42;0,58;62% (42% - 58%)
Arica y Parinacota;2020-05-17;   1;   378;   7;0,58;0,00;1,00;58% (0% - 100%)
Biobío;2020-05-17;  25;  1099;   9;0,00;0,00;1,00;0% (0% - 100%)
Biobío;2020-05-17;  25;  1099;   9;0,00;0,00;1,00;0% (0% - 100%)
Los Lagos;2020-05-17;   3;   647;  11;0,63;0,16;0,84;63% (16% - 84%)
Los Ríos;2020-05-17;   1;   220;   6;0,74;0,13;0,87;74% (13% - 87%)
Magallanes;2020-05-17;   9;   961;  16;0,40;0,00;1,00;40% (0% - 100%)
Maule;2020-05-17;  22;   573;  14;0,67;0,33;0,67;67% (33% - 67%)
Metropolitana;2020-05-17;1890; 32684; 270;0,17;0,00;1,00;17% (0% - 100%)
Ñuble;2020-05-17;  21;   942;  20;0,70;0,45;0,55;70% (45% - 55%)
O’Higgins;2020-05-17;  37;   366;   5;0,78;0,13;0,87;78% (13% - 87%)
O’Higgins;2020-05-17;  37;   366;   5;0,78;0,13;0,87;78% (13% - 87%)
Valparaíso;2020-05-17; 109;  1474;  29;0,72;0,53;0,47;72% (53% - 47%)
Antofagasta;2020-05-16;  98;  1429;  12;0,36;0,00;1,00;36% (0% - 100%)
Araucanía;2020-05-16;  23;  1587;  43;0,62;0,42;0,58;62% (42% - 58%)
Arica y Parinacota;2020-05-16;   9;   377;   7;0,60;0,00;1,00;60% (0% - 100%)
Biobío;2020-05-16;  38;  1074;   9;0,00;0,00;1,00;0% (0% - 100%)
Biobío;2020-05-16;  38;  1074;   9;0,00;0,00;1,00;0% (0% - 100%)
Los Lagos;2020-05-16;   3;   644;  11;0,65;0,19;0,81;65% (19% - 81%)
Los Ríos;2020-05-16;   0;   219;   6;0,75;0,15;0,85;75% (15% - 85%)
Magallanes;2020-05-16;  15;   952;  16;0,41;0,00;1,00;41% (0% - 100%)
Maule;2020-05-16;  11;   551;  14;0,69;0,35;0,65;69% (35% - 65%)
Metropolitana;2020-05-16;1518; 30794; 246;0,15;0,00;1,00;15% (0% - 100%)
Ñuble;2020-05-16;  36;   921;  20;0,70;0,46;0,54;70% (46% - 54%)
O’Higgins;2020-05-16;   6;   329;   5;0,82;0,28;0,72;82% (28% - 72%)
O’Higgins;2020-05-16;   6;   329;   5;0,82;0,28;0,72;82% (28% - 72%)
Valparaíso;2020-05-16;  53;  1365;  28;0,73;0,55;0,45;73% (55% - 45%)
Antofagasta;2020-05-15;  54;  1331;  12;0,41;0,00;1,00;41% (0% - 100%)
Araucanía;2020-05-15;  28;  1564;  43;0,63;0,43;0,57;63% (43% - 57%)
Arica y Parinacota;2020-05-15;   5;   368;   7;0,61;0,00;1,00;61% (0% - 100%)
Biobío;2020-05-15;  41;  1036;   9;0,00;0,00;1,00;0% (0% - 100%)
Biobío;2020-05-15;  41;  1036;   9;0,00;0,00;1,00;0% (0% - 100%)
Los Lagos;2020-05-15;   8;   641;  11;0,66;0,22;0,78;66% (22% - 78%)
Los Ríos;2020-05-15;   5;   219;   6;0,75;0,17;0,83;75% (17% - 83%)
Magallanes;2020-05-15;   2;   937;  16;0,43;0,00;1,00;43% (0% - 100%)
Maule;2020-05-15;  21;   540;  14;0,69;0,37;0,63;69% (37% - 63%)
Metropolitana;2020-05-15;2060; 29276; 221;0,12;0,00;1,00;12% (0% - 100%)
Ñuble;2020-05-15;  36;   885;  20;0,71;0,47;0,53;71% (47% - 53%)
O’Higgins;2020-05-15;  28;   323;   5;0,86;0,42;0,58;86% (42% - 58%)
O’Higgins;2020-05-15;  28;   323;   5;0,86;0,42;0,58;86% (42% - 58%)
Valparaíso;2020-05-15;  99;  1312;  27;0,74;0,56;0,44;74% (56% - 44%)
Antofagasta;2020-05-14;  61;  1277;  11;0,40;0,00;1,00;40% (0% - 100%)
Araucanía;2020-05-14;  41;  1536;  41;0,61;0,40;0,60;61% (40% - 60%)
Arica y Parinacota;2020-05-14;   4;   363;   7;0,63;0,00;1,00;63% (0% - 100%)
Biobío;2020-05-14;  20;   995;   9;0,00;0,00;1,00;0% (0% - 100%)
Biobío;2020-05-14;  20;   995;   9;0,00;0,00;1,00;0% (0% - 100%)
Los Lagos;2020-05-14;   5;   633;  11;0,67;0,25;0,75;67% (25% - 75%)
Los Ríos;2020-05-14;   2;   214;   6;0,76;0,19;0,81;76% (19% - 81%)
Magallanes;2020-05-14;  14;   935;  16;0,44;0,00;1,00;44% (0% - 100%)
Maule;2020-05-14;  34;   519;  14;0,70;0,39;0,61;70% (39% - 61%)
Metropolitana;2020-05-14;2251; 27216; 202;0,10;0,00;1,00;10% (0% - 100%)
Ñuble;2020-05-14;  10;   849;  20;0,71;0,48;0,52;71% (48% - 52%)
O’Higgins;2020-05-14;  47;   295;   4;0,84;0,18;0,82;84% (18% - 82%)
O’Higgins;2020-05-14;  47;   295;   4;0,84;0,18;0,82;84% (18% - 82%)
Valparaíso;2020-05-14;  90;  1213;  25;0,74;0,55;0,45;74% (55% - 45%)
Antofagasta;2020-05-13; 107;  1216;  11;0,45;0,00;1,00;45% (0% - 100%)
Araucanía;2020-05-13;  13;  1495;  39;0,60;0,38;0,62;60% (38% - 62%)
Arica y Parinacota;2020-05-13;   8;   359;   7;0,64;0,00;1,00;64% (0% - 100%)
Biobío;2020-05-13;  33;   975;   9;0,00;0,00;1,00;0% (0% - 100%)
Biobío;2020-05-13;  33;   975;   9;0,00;0,00;1,00;0% (0% - 100%)
Los Lagos;2020-05-13;  34;   628;  11;0,68;0,28;0,72;68% (28% - 72%)
Los Ríos;2020-05-13;   1;   212;   6;0,76;0,21;0,79;76% (21% - 79%)
Magallanes;2020-05-13;  11;   921;  16;0,46;0,00;1,00;46% (0% - 100%)
Maule;2020-05-13;  19;   485;  14;0,71;0,40;0,60;71% (40% - 60%)
Metropolitana;2020-05-13;2256; 24965; 184;0,08;0,00;1,00;8% (0% - 100%)
Ñuble;2020-05-13;  13;   839;  19;0,70;0,45;0,55;70% (45% - 55%)
O’Higgins;2020-05-13;  24;   248;   4;0,88;0,35;0,65;88% (35% - 65%)
O’Higgins;2020-05-13;  24;   248;   4;0,88;0,35;0,65;88% (35% - 65%)
Valparaíso;2020-05-13;  94;  1123;  24;0,75;0,56;0,44;75% (56% - 44%)
Antofagasta;2020-05-12;  95;  1109;  10;0,45;0,00;1,00;45% (0% - 100%)
Araucanía;2020-05-12;  16;  1482;  39;0,61;0,39;0,61;61% (39% - 61%)
Arica y Parinacota;2020-05-12;   0;   351;   7;0,66;0,00;1,00;66% (0% - 100%)
Biobío;2020-05-12;  10;   942;   9;0,00;0,00;1,00;0% (0% - 100%)
Biobío;2020-05-12;  10;   942;   9;0,00;0,00;1,00;0% (0% - 100%)
Los Lagos;2020-05-12;   2;   594;  11;0,69;0,30;0,70;69% (30% - 70%)
Los Ríos;2020-05-12;   3;   211;   5;0,71;0,00;1,00;71% (0% - 100%)
Magallanes;2020-05-12;   9;   910;  14;0,39;0,00;1,00;39% (0% - 100%)
Maule;2020-05-12;  12;   466;  14;0,72;0,42;0,58;72% (42% - 58%)
Metropolitana;2020-05-12;1392; 22709; 178;0,12;0,00;1,00;12% (0% - 100%)
Ñuble;2020-05-12;  12;   826;  19;0,71;0,46;0,54;71% (46% - 54%)
O’Higgins;2020-05-12;   8;   224;   4;0,90;0,50;0,50;90% (50% - 50%)
O’Higgins;2020-05-12;   8;   224;   4;0,90;0,50;0,50;90% (50% - 50%)
Valparaíso;2020-05-12;  59;  1029;  23;0,75;0,57;0,43;75% (57% - 43%)
Antofagasta;2020-05-11;  36;  1014;  10;0,50;0,00;1,00;50% (0% - 100%)
Araucanía;2020-05-11;  12;  1466;  38;0,60;0,38;0,62;60% (38% - 62%)
Arica y Parinacota;2020-05-11;  11;   351;   7;0,67;0,02;0,98;67% (2% - 98%)
Biobío;2020-05-11;  33;   932;   8;0,00;0,00;1,00;0% (0% - 100%)
Biobío;2020-05-11;  33;   932;   8;0,00;0,00;1,00;0% (0% - 100%)
Los Lagos;2020-05-11;  17;   592;  10;0,67;0,21;0,79;67% (21% - 79%)
Los Ríos;2020-05-11;   2;   208;   5;0,72;0,00;1,00;72% (0% - 100%)
Magallanes;2020-05-11;   8;   901;  14;0,41;0,00;1,00;41% (0% - 100%)
Maule;2020-05-11;  13;   454;  14;0,73;0,43;0,57;73% (43% - 57%)
Metropolitana;2020-05-11; 964; 21317; 172;0,15;0,00;1,00;15% (0% - 100%)
Ñuble;2020-05-11;   2;   814;  18;0,69;0,42;0,58;69% (42% - 58%)
O’Higgins;2020-05-11;  21;   216;   4;0,93;0,62;0,38;93% (62% - 38%)
O’Higgins;2020-05-11;  21;   216;   4;0,93;0,62;0,38;93% (62% - 38%)
Valparaíso;2020-05-11;  37;   970;  21;0,75;0,55;0,45;75% (55% - 45%)
Antofagasta;2020-05-10;  31;   978;  10;0,55;0,00;1,00;55% (0% - 100%)
Araucanía;2020-05-10;  36;  1454;  37;0,60;0,37;0,63;60% (37% - 63%)
Arica y Parinacota;2020-05-10;   3;   340;   6;0,62;0,00;1,00;62% (0% - 100%)
Biobío;2020-05-10;  17;   899;   8;0,00;0,00;1,00;0% (0% - 100%)
Biobío;2020-05-10;  17;   899;   8;0,00;0,00;1,00;0% (0% - 100%)
Los Lagos;2020-05-10;  16;   575;  10;0,68;0,23;0,77;68% (23% - 77%)
Los Ríos;2020-05-10;   0;   206;   5;0,73;0,00;1,00;73% (0% - 100%)
Magallanes;2020-05-10;  12;   893;  13;0,38;0,00;1,00;38% (0% - 100%)
Maule;2020-05-10;   9;   441;  14;0,73;0,45;0,55;73% (45% - 55%)
Metropolitana;2020-05-10;1396; 20353; 166;0,18;0,00;1,00;18% (0% - 100%)
Ñuble;2020-05-10;  11;   812;  18;0,70;0,43;0,57;70% (43% - 57%)
Valparaíso;2020-05-10;  55;   933;  20;0,76;0,55;0,45;76% (55% - 45%)
Antofagasta;2020-05-09;  24;   947;  10;0,60;0,05;0,95;60% (5% - 95%)
Araucanía;2020-05-09;  15;  1418;  36;0,60;0,36;0,64;60% (36% - 64%)
Arica y Parinacota;2020-05-09;  10;   337;   6;0,64;0,00;1,00;64% (0% - 100%)
Biobío;2020-05-09;  40;   882;   8;0,00;0,00;1,00;0% (0% - 100%)
Biobío;2020-05-09;  40;   882;   8;0,00;0,00;1,00;0% (0% - 100%)
Los Lagos;2020-05-09;  11;   559;  10;0,69;0,26;0,74;69% (26% - 74%)
Los Ríos;2020-05-09;   3;   206;   5;0,74;0,00;1,00;74% (0% - 100%)
Magallanes;2020-05-09;  14;   881;  11;0,28;0,00;1,00;28% (0% - 100%)
Maule;2020-05-09;   7;   432;  14;0,74;0,46;0,54;74% (46% - 54%)
Metropolitana;2020-05-09; 978; 18957; 163;0,23;0,00;1,00;23% (0% - 100%)
Ñuble;2020-05-09;   7;   801;  18;0,70;0,44;0,56;70% (44% - 56%)
Valparaíso;2020-05-09;  50;   878;  19;0,76;0,56;0,44;76% (56% - 44%)
Antofagasta;2020-05-08;  28;   923;   9;0,61;0,01;0,99;61% (1% - 99%)
Araucanía;2020-05-08;  18;  1403;  36;0,61;0,37;0,63;61% (37% - 63%)
Arica y Parinacota;2020-05-08;   2;   327;   6;0,67;0,00;1,00;67% (0% - 100%)
Biobío;2020-05-08;  28;   842;   8;0,00;0,00;1,00;0% (0% - 100%)
Biobío;2020-05-08;  28;   842;   8;0,00;0,00;1,00;0% (0% - 100%)
Los Lagos;2020-05-08;   3;   548;  10;0,70;0,29;0,71;70% (29% - 71%)
Los Ríos;2020-05-08;   1;   203;   4;0,66;0,00;1,00;66% (0% - 100%)
Magallanes;2020-05-08;  31;   867;  11;0,30;0,00;1,00;30% (0% - 100%)
Maule;2020-05-08;  11;   425;  13;0,73;0,42;0,58;73% (42% - 58%)
Metropolitana;2020-05-08;1151; 17979; 157;0,25;0,03;0,97;25% (3% - 97%)
Ñuble;2020-05-08;   1;   794;  18;0,71;0,45;0,55;71% (45% - 55%)
Valparaíso;2020-05-08;  47;   828;  18;0,76;0,56;0,44;76% (56% - 44%)
Antofagasta;2020-05-07;  40;   895;   7;0,56;0,00;1,00;56% (0% - 100%)
Araucanía;2020-05-07;  23;  1385;  36;0,61;0,39;0,61;61% (39% - 61%)
Arica y Parinacota;2020-05-07;   7;   325;   6;0,69;0,00;1,00;69% (0% - 100%)
Biobío;2020-05-07;  25;   814;   8;0,00;0,00;1,00;0% (0% - 100%)
Biobío;2020-05-07;  25;   814;   8;0,00;0,00;1,00;0% (0% - 100%)
Los Lagos;2020-05-07;   4;   545;  10;0,71;0,31;0,69;71% (31% - 69%)
Los Ríos;2020-05-07;   2;   202;   4;0,67;0,00;1,00;67% (0% - 100%)
Magallanes;2020-05-07;  18;   836;  11;0,33;0,00;1,00;33% (0% - 100%)
Maule;2020-05-07;   6;   414;  13;0,73;0,44;0,56;73% (44% - 56%)
Metropolitana;2020-05-07;1246; 16828; 152;0,29;0,07;0,93;29% (7% - 93%)
Ñuble;2020-05-07;   2;   793;  17;0,70;0,42;0,58;70% (42% - 58%)
Ñuble;2020-05-07;   2;   793;  17;0,70;0,42;0,58;70% (42% - 58%)
Ñuble;2020-05-07;   2;   793;  17;0,70;0,42;0,58;70% (42% - 58%)
Valparaíso;2020-05-07;  65;   781;  17;0,77;0,55;0,45;77% (55% - 45%)
Antofagasta;2020-05-06;  44;   855;   7;0,63;0,00;1,00;63% (0% - 100%)
Araucanía;2020-05-06;  10;  1362;  36;0,62;0,40;0,60;62% (40% - 60%)
Arica y Parinacota;2020-05-06;   3;   318;   5;0,64;0,00;1,00;64% (0% - 100%)
Biobío;2020-05-06;  15;   789;   8;0,00;0,00;1,00;0% (0% - 100%)
Biobío;2020-05-06;  15;   789;   8;0,00;0,00;1,00;0% (0% - 100%)
Los Lagos;2020-05-06;  16;   541;  10;0,72;0,34;0,66;72% (34% - 66%)
Los Ríos;2020-05-06;   1;   200;   4;0,68;0,00;1,00;68% (0% - 100%)
Magallanes;2020-05-06;   9;   818;  11;0,35;0,00;1,00;35% (0% - 100%)
Maule;2020-05-06;   0;   408;  13;0,74;0,46;0,54;74% (46% - 54%)
Metropolitana;2020-05-06; 875; 15582; 150;0,33;0,12;0,88;33% (12% - 88%)
Ñuble;2020-05-06;   2;   791;  17;0,70;0,43;0,57;70% (43% - 57%)
Ñuble;2020-05-06;   2;   791;  17;0,70;0,43;0,57;70% (43% - 57%)
Ñuble;2020-05-06;   2;   791;  17;0,70;0,43;0,57;70% (43% - 57%)
Valparaíso;2020-05-06;  29;   716;  16;0,77;0,55;0,45;77% (55% - 45%)
Antofagasta;2020-05-05;  51;   811;   7;0,69;0,07;0,93;69% (7% - 93%)
Araucanía;2020-05-05;  21;  1352;  36;0,63;0,42;0,58;63% (42% - 58%)
Arica y Parinacota;2020-05-05;   7;   315;   4;0,56;0,00;1,00;56% (0% - 100%)
Biobío;2020-05-05;  12;   774;   8;0,00;0,00;1,00;0% (0% - 100%)
Biobío;2020-05-05;  12;   774;   8;0,00;0,00;1,00;0% (0% - 100%)
Los Lagos;2020-05-05;   1;   525;  10;0,73;0,36;0,64;73% (36% - 64%)
Los Ríos;2020-05-05;   0;   199;   4;0,70;0,00;1,00;70% (0% - 100%)
Magallanes;2020-05-05;  14;   809;  11;0,37;0,00;1,00;37% (0% - 100%)
Maule;2020-05-05;   9;   408;  13;0,75;0,48;0,52;75% (48% - 52%)
Metropolitana;2020-05-05;1179; 14707; 146;0,36;0,16;0,84;36% (16% - 84%)
Ñuble;2020-05-05;   2;   789;  17;0,71;0,45;0,55;71% (45% - 55%)
Ñuble;2020-05-05;   2;   789;  17;0,71;0,45;0,55;71% (45% - 55%)
Ñuble;2020-05-05;   2;   789;  17;0,71;0,45;0,55;71% (45% - 55%)
Valparaíso;2020-05-05;  31;   687;  15;0,77;0,54;0,46;77% (54% - 46%)
Antofagasta;2020-05-04;  20;   760;   7;0,75;0,24;0,76;75% (24% - 76%)
Araucanía;2020-05-04;   3;  1331;  36;0,64;0,43;0,57;64% (43% - 57%)
Arica y Parinacota;2020-05-04;   0;   308;   4;0,60;0,00;1,00;60% (0% - 100%)
Biobío;2020-05-04;   3;   762;   8;0,00;0,00;1,00;0% (0% - 100%)
Biobío;2020-05-04;   3;   762;   8;0,00;0,00;1,00;0% (0% - 100%)
Los Lagos;2020-05-04;   7;   524;  10;0,74;0,39;0,61;74% (39% - 61%)
Los Ríos;2020-05-04;   1;   199;   4;0,71;0,00;1,00;71% (0% - 100%)
Magallanes;2020-05-04;  18;   795;  11;0,40;0,00;1,00;40% (0% - 100%)
Maule;2020-05-04;   2;   399;  13;0,76;0,50;0,50;76% (50% - 50%)
Metropolitana;2020-05-04; 872; 13528; 143;0,39;0,19;0,81;39% (19% - 81%)
Ñuble;2020-05-04;   1;   787;  17;0,72;0,46;0,54;72% (46% - 54%)
Ñuble;2020-05-04;   1;   787;  17;0,72;0,46;0,54;72% (46% - 54%)
Ñuble;2020-05-04;   1;   787;  17;0,72;0,46;0,54;72% (46% - 54%)
Valparaíso;2020-05-04;  18;   656;  13;0,75;0,47;0,53;75% (47% - 53%)
Araucanía;2020-05-03;  14;  1328;  36;0,65;0,45;0,55;65% (45% - 55%)
Arica y Parinacota;2020-05-03;   1;   308;   4;0,64;0,00;1,00;64% (0% - 100%)
Biobío;2020-05-03;   8;   759;   7;0,00;0,00;1,00;0% (0% - 100%)
Biobío;2020-05-03;   8;   759;   7;0,00;0,00;1,00;0% (0% - 100%)
Los Lagos;2020-05-03;   4;   517;  10;0,75;0,41;0,59;75% (41% - 59%)
Los Ríos;2020-05-03;   2;   198;   4;0,72;0,00;1,00;72% (0% - 100%)
Magallanes;2020-05-03;  25;   777;  11;0,42;0,00;1,00;42% (0% - 100%)
Maule;2020-05-03;   1;   397;  13;0,78;0,53;0,47;78% (53% - 47%)
Metropolitana;2020-05-03; 995; 12656; 135;0,39;0,20;0,80;39% (20% - 80%)
Ñuble;2020-05-03;  10;   786;  16;0,71;0,43;0,57;71% (43% - 57%)
Ñuble;2020-05-03;  10;   786;  16;0,71;0,43;0,57;71% (43% - 57%)
Ñuble;2020-05-03;  10;   786;  16;0,71;0,43;0,57;71% (43% - 57%)
Valparaíso;2020-05-03;  24;   638;  13;0,77;0,51;0,49;77% (51% - 49%)
Araucanía;2020-05-02;  19;  1314;  36;0,66;0,46;0,54;66% (46% - 54%)
Arica y Parinacota;2020-05-02;  10;   307;   4;0,68;0,00;1,00;68% (0% - 100%)
Biobío;2020-05-02;  22;   751;   7;0,00;0,00;1,00;0% (0% - 100%)
Biobío;2020-05-02;  22;   751;   7;0,00;0,00;1,00;0% (0% - 100%)
Los Lagos;2020-05-02;  12;   513;  10;0,76;0,43;0,57;76% (43% - 57%)
Los Ríos;2020-05-02;   7;   196;   4;0,73;0,00;1,00;73% (0% - 100%)
Magallanes;2020-05-02;  26;   752;  11;0,44;0,00;1,00;44% (0% - 100%)
Maule;2020-05-02;   2;   396;  13;0,79;0,55;0,45;79% (55% - 45%)
Metropolitana;2020-05-02;1145; 11661; 122;0,37;0,15;0,85;37% (15% - 85%)
Ñuble;2020-05-02;   8;   776;  16;0,72;0,45;0,55;72% (45% - 55%)
Ñuble;2020-05-02;   8;   776;  16;0,72;0,45;0,55;72% (45% - 55%)
Ñuble;2020-05-02;   8;   776;  16;0,72;0,45;0,55;72% (45% - 55%)
Valparaíso;2020-05-02;  46;   614;  13;0,79;0,55;0,45;79% (55% - 45%)
Araucanía;2020-05-01;   2;  1295;  36;0,67;0,48;0,52;67% (48% - 52%)
Arica y Parinacota;2020-05-01;  18;   297;   4;0,72;0,00;1,00;72% (0% - 100%)
Biobío;2020-05-01;   2;   729;   7;0,00;0,00;1,00;0% (0% - 100%)
Biobío;2020-05-01;   2;   729;   7;0,00;0,00;1,00;0% (0% - 100%)
Los Lagos;2020-05-01;  14;   501;  10;0,77;0,46;0,54;77% (46% - 54%)
Los Ríos;2020-05-01;   0;   189;   4;0,74;0,00;1,00;74% (0% - 100%)
Magallanes;2020-05-01;   1;   726;  11;0,47;0,00;1,00;47% (0% - 100%)
Maule;2020-05-01;   1;   394;  13;0,80;0,58;0,42;80% (58% - 42%)
Metropolitana;2020-05-01; 891; 10516; 114;0,36;0,14;0,86;36% (14% - 86%)
Ñuble;2020-05-01;   0;   768;  14;0,68;0,35;0,65;68% (35% - 65%)
Ñuble;2020-05-01;   0;   768;  14;0,68;0,35;0,65;68% (35% - 65%)
Ñuble;2020-05-01;   0;   768;  14;0,68;0,35;0,65;68% (35% - 65%)
Valparaíso;2020-05-01;   9;   568;  12;0,78;0,53;0,47;78% (53% - 47%)
Araucanía;2020-04-30;  20;  1293;  35;0,68;0,48;0,52;68% (48% - 52%)
Arica y Parinacota;2020-04-30;   7;   279;   4;0,77;0,00;1,00;77% (0% - 100%)
Biobío;2020-04-30;   8;   727;   7;0,00;0,00;1,00;0% (0% - 100%)
Biobío;2020-04-30;   8;   727;   7;0,00;0,00;1,00;0% (0% - 100%)
Los Lagos;2020-04-30;   6;   487;  10;0,78;0,49;0,51;78% (49% - 51%)
Los Ríos;2020-04-30;   7;   189;   4;0,76;0,00;1,00;76% (0% - 100%)
Magallanes;2020-04-30;  11;   725;  11;0,49;0,00;1,00;49% (0% - 100%)
Maule;2020-04-30;   1;   393;  13;0,82;0,61;0,39;82% (61% - 39%)
Metropolitana;2020-04-30; 736;  9625; 110;0,37;0,16;0,84;37% (16% - 84%)
Ñuble;2020-04-30;   7;   768;  14;0,69;0,37;0,63;69% (37% - 63%)
Ñuble;2020-04-30;   7;   768;  14;0,69;0,37;0,63;69% (37% - 63%)
Ñuble;2020-04-30;   7;   768;  14;0,69;0,37;0,63;69% (37% - 63%)
Valparaíso;2020-04-30;  33;   559;  12;0,80;0,57;0,43;80% (57% - 43%)
Araucanía;2020-04-29;  22;  1273;  32;0,66;0,44;0,56;66% (44% - 56%)
Arica y Parinacota;2020-04-29;   4;   272;   4;0,81;0,00;1,00;81% (0% - 100%)
Biobío;2020-04-29;  10;   719;   7;0,00;0,00;1,00;0% (0% - 100%)
Biobío;2020-04-29;  10;   719;   7;0,00;0,00;1,00;0% (0% - 100%)
Los Lagos;2020-04-29;   4;   481;   9;0,77;0,42;0,58;77% (42% - 58%)
Los Ríos;2020-04-29;   2;   182;   4;0,77;0,00;1,00;77% (0% - 100%)
Magallanes;2020-04-29;  21;   714;  11;0,52;0,00;1,00;52% (0% - 100%)
Maule;2020-04-29;   8;   392;  13;0,83;0,64;0,36;83% (64% - 36%)
Metropolitana;2020-04-29; 589;  8889; 104;0,37;0,15;0,85;37% (15% - 85%)
Ñuble;2020-04-29;  14;   761;  14;0,70;0,39;0,61;70% (39% - 61%)
Ñuble;2020-04-29;  14;   761;  14;0,70;0,39;0,61;70% (39% - 61%)
Ñuble;2020-04-29;  14;   761;  14;0,70;0,39;0,61;70% (39% - 61%)
Valparaíso;2020-04-29;  33;   526;  12;0,82;0,60;0,40;82% (60% - 40%)
Araucanía;2020-04-28;  15;  1251;  32;0,67;0,47;0,53;67% (47% - 53%)
Biobío;2020-04-28;   3;   709;   7;0,00;0,00;1,00;0% (0% - 100%)
Biobío;2020-04-28;   3;   709;   7;0,00;0,00;1,00;0% (0% - 100%)
Los Lagos;2020-04-28;   0;   477;   9;0,78;0,45;0,55;78% (45% - 55%)
Los Ríos;2020-04-28;   0;   180;   4;0,78;0,00;1,00;78% (0% - 100%)
Magallanes;2020-04-28;  22;   693;  10;0,49;0,00;1,00;49% (0% - 100%)
Maule;2020-04-28;  21;   384;  12;0,83;0,63;0,37;83% (63% - 37%)
Metropolitana;2020-04-28; 442;  8300; 100;0,38;0,16;0,84;38% (16% - 84%)
Ñuble;2020-04-28;   6;   747;  14;0,72;0,41;0,59;72% (41% - 59%)
Ñuble;2020-04-28;   6;   747;  14;0,72;0,41;0,59;72% (41% - 59%)
Ñuble;2020-04-28;   6;   747;  14;0,72;0,41;0,59;72% (41% - 59%)
Valparaíso;2020-04-28;   8;   493;  10;0,80;0,51;0,49;80% (51% - 49%)
Araucanía;2020-04-27;  20;  1236;  32;0,69;0,49;0,51;69% (49% - 51%)
Biobío;2020-04-27;   3;   706;   6;0,00;0,00;1,00;0% (0% - 100%)
Biobío;2020-04-27;   3;   706;   6;0,00;0,00;1,00;0% (0% - 100%)
Los Lagos;2020-04-27;   4;   477;   8;0,77;0,36;0,64;77% (36% - 64%)
Los Ríos;2020-04-27;   2;   180;   3;0,69;0,00;1,00;69% (0% - 100%)
Magallanes;2020-04-27;   3;   671;  10;0,52;0,00;1,00;52% (0% - 100%)
Maule;2020-04-27;   9;   363;  12;0,85;0,67;0,33;85% (67% - 33%)
Metropolitana;2020-04-27; 362;  7858;  95;0,39;0,16;0,84;39% (16% - 84%)
Ñuble;2020-04-27;  10;   741;  14;0,73;0,44;0,56;73% (44% - 56%)
Ñuble;2020-04-27;  10;   741;  14;0,73;0,44;0,56;73% (44% - 56%)
Ñuble;2020-04-27;  10;   741;  14;0,73;0,44;0,56;73% (44% - 56%)
Valparaíso;2020-04-27;  25;   485;   9;0,79;0,47;0,53;79% (47% - 53%)
Araucanía;2020-04-26;  13;  1216;  29;0,67;0,45;0,55;67% (45% - 55%)
Biobío;2020-04-26;   7;   703;   6;0,00;0,00;1,00;0% (0% - 100%)
Biobío;2020-04-26;   7;   703;   6;0,00;0,00;1,00;0% (0% - 100%)
Los Lagos;2020-04-26;   8;   473;   8;0,78;0,41;0,59;78% (41% - 59%)
Los Ríos;2020-04-26;   1;   178;   3;0,71;0,00;1,00;71% (0% - 100%)
Magallanes;2020-04-26;  13;   668;   9;0,50;0,00;1,00;50% (0% - 100%)
Maule;2020-04-26;   4;   354;  11;0,85;0,66;0,34;85% (66% - 34%)
Metropolitana;2020-04-26; 331;  7496;  91;0,40;0,17;0,83;40% (17% - 83%)
Ñuble;2020-04-26;   6;   731;  14;0,74;0,46;0,54;74% (46% - 54%)
Ñuble;2020-04-26;   6;   731;  14;0,74;0,46;0,54;74% (46% - 54%)
Ñuble;2020-04-26;   6;   731;  14;0,74;0,46;0,54;74% (46% - 54%)
Valparaíso;2020-04-26;   6;   460;   9;0,81;0,53;0,47;81% (53% - 47%)
Araucanía;2020-04-25;  19;  1203;  27;0,66;0,43;0,57;66% (43% - 57%)
Biobío;2020-04-25;  13;   696;   5;0,00;0,00;1,00;0% (0% - 100%)
Biobío;2020-04-25;  13;   696;   5;0,00;0,00;1,00;0% (0% - 100%)
Los Lagos;2020-04-25;   5;   465;   8;0,80;0,44;0,56;80% (44% - 56%)
Los Ríos;2020-04-25;   3;   177;   3;0,74;0,00;1,00;74% (0% - 100%)
Magallanes;2020-04-25;  31;   655;   8;0,46;0,00;1,00;46% (0% - 100%)
Maule;2020-04-25;   1;   350;  10;0,86;0,66;0,34;86% (66% - 34%)
Metropolitana;2020-04-25; 404;  7165;  89;0,42;0,20;0,80;42% (20% - 80%)
Ñuble;2020-04-25;  10;   725;  14;0,75;0,48;0,52;75% (48% - 52%)
Ñuble;2020-04-25;  10;   725;  14;0,75;0,48;0,52;75% (48% - 52%)
Ñuble;2020-04-25;  10;   725;  14;0,75;0,48;0,52;75% (48% - 52%)
Valparaíso;2020-04-25;  18;   454;   9;0,83;0,58;0,42;83% (58% - 42%)
Araucanía;2020-04-24;  42;  1184;  26;0,67;0,44;0,56;67% (44% - 56%)
Biobío;2020-04-24;   8;   683;   5;0,00;0,00;1,00;0% (0% - 100%)
Biobío;2020-04-24;   8;   683;   5;0,00;0,00;1,00;0% (0% - 100%)
Los Lagos;2020-04-24;   6;   460;   8;0,81;0,49;0,51;81% (49% - 51%)
Los Ríos;2020-04-24;   1;   174;   3;0,76;0,00;1,00;76% (0% - 100%)
Magallanes;2020-04-24;   9;   624;   8;0,50;0,00;1,00;50% (0% - 100%)
Maule;2020-04-24;  16;   349;  10;0,88;0,71;0,29;88% (71% - 29%)
Metropolitana;2020-04-24; 327;  6761;  86;0,44;0,22;0,78;44% (22% - 78%)
Ñuble;2020-04-24;   7;   715;  14;0,76;0,51;0,49;76% (51% - 49%)
Ñuble;2020-04-24;   7;   715;  14;0,76;0,51;0,49;76% (51% - 49%)
Ñuble;2020-04-24;   7;   715;  14;0,76;0,51;0,49;76% (51% - 49%)
Valparaíso;2020-04-24;   7;   436;   8;0,83;0,55;0,45;83% (55% - 45%)
Araucanía;2020-04-23;  29;  1142;  26;0,69;0,47;0,53;69% (47% - 53%)
Biobío;2020-04-23;  17;   675;   5;0,00;0,00;1,00;0% (0% - 100%)
Biobío;2020-04-23;  17;   675;   5;0,00;0,00;1,00;0% (0% - 100%)
Los Lagos;2020-04-23;   9;   454;   7;0,80;0,39;0,61;80% (39% - 61%)
Los Ríos;2020-04-23;   2;   173;   3;0,78;0,00;1,00;78% (0% - 100%)
Magallanes;2020-04-23;  10;   615;   7;0,47;0,00;1,00;47% (0% - 100%)
Maule;2020-04-23;   5;   333;  10;0,90;0,77;0,23;90% (77% - 23%)
Metropolitana;2020-04-23; 351;  6434;  85;0,47;0,26;0,74;47% (26% - 74%)
Ñuble;2020-04-23;   5;   708;  13;0,76;0,48;0,52;76% (48% - 52%)
Ñuble;2020-04-23;   5;   708;  13;0,76;0,48;0,52;76% (48% - 52%)
Ñuble;2020-04-23;   5;   708;  13;0,76;0,48;0,52;76% (48% - 52%)
Valparaíso;2020-04-23;   8;   429;   7;0,83;0,50;0,50;83% (50% - 50%)
Araucanía;2020-04-22;  21;  1113;  26;0,70;0,50;0,50;70% (50% - 50%)
Araucanía;2020-04-22;  21;  1113;  26;0,70;0,50;0,50;70% (50% - 50%)
Biobío;2020-04-22;  22;   658;   5;0,00;0,00;1,00;0% (0% - 100%)
Biobío;2020-04-22;  22;   658;   5;0,00;0,00;1,00;0% (0% - 100%)
Los Lagos;2020-04-22;  13;   445;   6;0,77;0,24;0,76;77% (24% - 76%)
Los Ríos;2020-04-22;   4;   171;   3;0,80;0,00;1,00;80% (0% - 100%)
Magallanes;2020-04-22;  12;   605;   7;0,52;0,00;1,00;52% (0% - 100%)
Maule;2020-04-22;  12;   328;  10;0,92;0,81;0,19;92% (81% - 19%)
Metropolitana;2020-04-22; 295;  6083;  78;0,46;0,24;0,76;46% (24% - 76%)
Ñuble;2020-04-22;   9;   703;  13;0,77;0,51;0,49;77% (51% - 49%)
Ñuble;2020-04-22;   9;   703;  13;0,77;0,51;0,49;77% (51% - 49%)
Ñuble;2020-04-22;   9;   703;  13;0,77;0,51;0,49;77% (51% - 49%)
Valparaíso;2020-04-22;  18;   421;   7;0,86;0,58;0,42;86% (58% - 42%)
Araucanía;2020-04-21;  47;  1092;  25;0,71;0,50;0,50;71% (50% - 50%)
Araucanía;2020-04-21;  47;  1092;  25;0,71;0,50;0,50;71% (50% - 50%)
Biobío;2020-04-21;  10;   636;   4;0,00;0,00;1,00;0% (0% - 100%)
Biobío;2020-04-21;  10;   636;   4;0,00;0,00;1,00;0% (0% - 100%)
Los Lagos;2020-04-21;   8;   432;   6;0,80;0,31;0,69;80% (31% - 69%)
Los Ríos;2020-04-21;   5;   167;   3;0,82;0,00;1,00;82% (0% - 100%)
Magallanes;2020-04-21;  27;   593;   7;0,56;0,00;1,00;56% (0% - 100%)
Maule;2020-04-21;  12;   316;  10;0,94;0,86;0,14;94% (86% - 14%)
Metropolitana;2020-04-21; 145;  5788;  69;0,43;0,19;0,81;43% (19% - 81%)
Ñuble;2020-04-21;   7;   694;  13;0,78;0,54;0,46;78% (54% - 46%)
Ñuble;2020-04-21;   7;   694;  13;0,78;0,54;0,46;78% (54% - 46%)
Ñuble;2020-04-21;   7;   694;  13;0,78;0,54;0,46;78% (54% - 46%)
Valparaíso;2020-04-21;  15;   403;   6;0,86;0,52;0,48;86% (52% - 48%)
Araucanía;2020-04-20;  73;  1045;  23;0,70;0,48;0,52;70% (48% - 52%)
Araucanía;2020-04-20;  73;  1045;  23;0,70;0,48;0,52;70% (48% - 52%)
Biobío;2020-04-20;  10;   626;   3;0,00;0,00;1,00;0% (0% - 100%)
Biobío;2020-04-20;  10;   626;   3;0,00;0,00;1,00;0% (0% - 100%)
Los Lagos;2020-04-20;   3;   424;   6;0,82;0,38;0,62;82% (38% - 62%)
Los Ríos;2020-04-20;   5;   162;   3;0,84;0,00;1,00;84% (0% - 100%)
Magallanes;2020-04-20;  13;   566;   6;0,53;0,00;1,00;53% (0% - 100%)
Maule;2020-04-20;   2;   304;  10;0,96;0,90;0,10;96% (90% - 10%)
Metropolitana;2020-04-20; 262;  5643;  67;0,46;0,22;0,78;46% (22% - 78%)
Ñuble;2020-04-20;   9;   687;  13;0,80;0,58;0,42;80% (58% - 42%)
Ñuble;2020-04-20;   9;   687;  13;0,80;0,58;0,42;80% (58% - 42%)
Ñuble;2020-04-20;   9;   687;  13;0,80;0,58;0,42;80% (58% - 42%)
Valparaíso;2020-04-20;   7;   388;   5;0,86;0,42;0,58;86% (42% - 58%)
Araucanía;2020-04-19;  28;   972;  23;0,72;0,51;0,49;72% (51% - 49%)
Araucanía;2020-04-19;  28;   972;  23;0,72;0,51;0,49;72% (51% - 49%)
Biobío;2020-04-19;  10;   616;   3;0,00;0,00;1,00;0% (0% - 100%)
Biobío;2020-04-19;  10;   616;   3;0,00;0,00;1,00;0% (0% - 100%)
Los Lagos;2020-04-19;   5;   421;   6;0,84;0,46;0,54;84% (46% - 54%)
Los Ríos;2020-04-19;   1;   157;   3;0,87;0,00;1,00;87% (0% - 100%)
Magallanes;2020-04-19;  31;   553;   6;0,59;0,00;1,00;59% (0% - 100%)
Maule;2020-04-19;  26;   302;   8;0,96;0,89;0,11;96% (89% - 11%)
Metropolitana;2020-04-19; 189;  5381;  63;0,47;0,23;0,77;47% (23% - 77%)
Ñuble;2020-04-19;  11;   678;  13;0,81;0,61;0,39;81% (61% - 39%)
Ñuble;2020-04-19;  11;   678;  13;0,81;0,61;0,39;81% (61% - 39%)
Ñuble;2020-04-19;  11;   678;  13;0,81;0,61;0,39;81% (61% - 39%)
Araucanía;2020-04-18;  37;   944;  23;0,74;0,54;0,46;74% (54% - 46%)
Araucanía;2020-04-18;  37;   944;  23;0,74;0,54;0,46;74% (54% - 46%)
Biobío;2020-04-18;  28;   606;   3;0,00;0,00;1,00;0% (0% - 100%)
Biobío;2020-04-18;  28;   606;   3;0,00;0,00;1,00;0% (0% - 100%)
Los Lagos;2020-04-18;   4;   416;   6;0,86;0,53;0,47;86% (53% - 47%)
Magallanes;2020-04-18;  21;   522;   6;0,64;0,00;1,00;64% (0% - 100%)
Metropolitana;2020-04-18; 277;  5192;  58;0,47;0,23;0,77;47% (23% - 77%)
Ñuble;2020-04-18;  11;   667;  12;0,82;0,60;0,40;82% (60% - 40%)
Ñuble;2020-04-18;  11;   667;  12;0,82;0,60;0,40;82% (60% - 40%)
Ñuble;2020-04-18;  11;   667;  12;0,82;0,60;0,40;82% (60% - 40%)
Araucanía;2020-04-17;  25;   907;  22;0,75;0,55;0,45;75% (55% - 45%)
Araucanía;2020-04-17;  25;   907;  22;0,75;0,55;0,45;75% (55% - 45%)
Biobío;2020-04-17;  19;   578;   3;0,00;0,00;1,00;0% (0% - 100%)
Biobío;2020-04-17;  19;   578;   3;0,00;0,00;1,00;0% (0% - 100%)
Los Lagos;2020-04-17;  13;   412;   6;0,88;0,60;0,40;88% (60% - 40%)
Magallanes;2020-04-17;  34;   501;   6;0,69;0,00;1,00;69% (0% - 100%)
Metropolitana;2020-04-17; 233;  4915;  51;0,45;0,18;0,82;45% (18% - 82%)
Ñuble;2020-04-17;  17;   656;  11;0,82;0,58;0,42;82% (58% - 42%)
Ñuble;2020-04-17;  17;   656;  11;0,82;0,58;0,42;82% (58% - 42%)
Ñuble;2020-04-17;  17;   656;  11;0,82;0,58;0,42;82% (58% - 42%)
Araucanía;2020-04-16;  56;   882;  21;0,76;0,56;0,44;76% (56% - 44%)
Araucanía;2020-04-16;  56;   882;  21;0,76;0,56;0,44;76% (56% - 44%)
Biobío;2020-04-16;  17;   559;   2;0,00;0,00;1,00;0% (0% - 100%)
Biobío;2020-04-16;  17;   559;   2;0,00;0,00;1,00;0% (0% - 100%)
Magallanes;2020-04-16;  23;   467;   6;0,74;0,13;0,87;74% (13% - 87%)
Metropolitana;2020-04-16; 348;  4682;  48;0,47;0,20;0,80;47% (20% - 80%)
Ñuble;2020-04-16;   5;   639;  10;0,82;0,57;0,43;82% (57% - 43%)
Ñuble;2020-04-16;   5;   639;  10;0,82;0,57;0,43;82% (57% - 43%)
Ñuble;2020-04-16;   5;   639;  10;0,82;0,57;0,43;82% (57% - 43%)
Araucanía;2020-04-15;  10;   826;  21;0,78;0,60;0,40;78% (60% - 40%)
Araucanía;2020-04-15;  10;   826;  21;0,78;0,60;0,40;78% (60% - 40%)
Biobío;2020-04-15;  14;   542;   2;0,00;0,00;1,00;0% (0% - 100%)
Biobío;2020-04-15;  14;   542;   2;0,00;0,00;1,00;0% (0% - 100%)
Magallanes;2020-04-15;  15;   444;   6;0,79;0,29;0,71;79% (29% - 71%)
Metropolitana;2020-04-15; 248;  4334;  41;0,43;0,12;0,88;43% (12% - 88%)
Ñuble;2020-04-15;  12;   634;   8;0,80;0,45;0,55;80% (45% - 55%)
Ñuble;2020-04-15;  12;   634;   8;0,80;0,45;0,55;80% (45% - 55%)
Ñuble;2020-04-15;  12;   634;   8;0,80;0,45;0,55;80% (45% - 55%)
Araucanía;2020-04-14;  21;   816;  20;0,79;0,62;0,38;79% (62% - 38%)
Araucanía;2020-04-14;  21;   816;  20;0,79;0,62;0,38;79% (62% - 38%)
Biobío;2020-04-14;  16;   528;   2;0,00;0,00;1,00;0% (0% - 100%)
Biobío;2020-04-14;  16;   528;   2;0,00;0,00;1,00;0% (0% - 100%)
Magallanes;2020-04-14;  14;   429;   6;0,83;0,45;0,55;83% (45% - 55%)
Metropolitana;2020-04-14; 283;  4086;  40;0,47;0,18;0,82;47% (18% - 82%)
Ñuble;2020-04-14;   4;   622;   8;0,83;0,55;0,45;83% (55% - 45%)
Ñuble;2020-04-14;   4;   622;   8;0,83;0,55;0,45;83% (55% - 45%)
Ñuble;2020-04-14;   4;   622;   8;0,83;0,55;0,45;83% (55% - 45%)
Araucanía;2020-04-13;  20;   795;  17;0,78;0,57;0,43;78% (57% - 43%)
Araucanía;2020-04-13;  20;   795;  17;0,78;0,57;0,43;78% (57% - 43%)
Biobío;2020-04-13;  12;   512;   2;0,00;0,00;1,00;0% (0% - 100%)
Biobío;2020-04-13;  12;   512;   2;0,00;0,00;1,00;0% (0% - 100%)
Magallanes;2020-04-13;  19;   415;   5;0,84;0,37;0,63;84% (37% - 63%)
Metropolitana;2020-04-13; 204;  3803;  36;0,47;0,17;0,83;47% (17% - 83%)
Ñuble;2020-04-13;   5;   618;   7;0,84;0,53;0,47;84% (53% - 47%)
Ñuble;2020-04-13;   5;   618;   7;0,84;0,53;0,47;84% (53% - 47%)
Ñuble;2020-04-13;   5;   618;   7;0,84;0,53;0,47;84% (53% - 47%)
Araucanía;2020-04-12;  36;   775;  17;0,81;0,63;0,37;81% (63% - 37%)
Araucanía;2020-04-12;  36;   775;  17;0,81;0,63;0,37;81% (63% - 37%)
Biobío;2020-04-12;  10;   500;   2;0,00;0,00;1,00;0% (0% - 100%)
Biobío;2020-04-12;  10;   500;   2;0,00;0,00;1,00;0% (0% - 100%)
Metropolitana;2020-04-12; 151;  3599;  35;0,52;0,23;0,77;52% (23% - 77%)
Ñuble;2020-04-12;   7;   613;   7;0,88;0,64;0,36;88% (64% - 36%)
Ñuble;2020-04-12;   7;   613;   7;0,88;0,64;0,36;88% (64% - 36%)
Ñuble;2020-04-12;   7;   613;   7;0,88;0,64;0,36;88% (64% - 36%)
Araucanía;2020-04-11;  27;   739;  17;0,83;0,68;0,32;83% (68% - 32%)
Araucanía;2020-04-11;  27;   739;  17;0,83;0,68;0,32;83% (68% - 32%)
Biobío;2020-04-11;  16;   490;   2;0,00;0,00;1,00;0% (0% - 100%)
Biobío;2020-04-11;  16;   490;   2;0,00;0,00;1,00;0% (0% - 100%)
Biobío;2020-04-11;  16;   490;   2;0,00;0,00;1,00;0% (0% - 100%)
Biobío;2020-04-11;  16;   490;   2;0,00;0,00;1,00;0% (0% - 100%)
Metropolitana;2020-04-11; 255;  3448;  32;0,53;0,23;0,77;53% (23% - 77%)
Araucanía;2020-04-10;  23;   712;  16;0,85;0,71;0,29;85% (71% - 29%)
Araucanía;2020-04-10;  23;   712;  16;0,85;0,71;0,29;85% (71% - 29%)
Biobío;2020-04-10;  14;   474;   2;0,00;0,00;1,00;0% (0% - 100%)
Biobío;2020-04-10;  14;   474;   2;0,00;0,00;1,00;0% (0% - 100%)
Biobío;2020-04-10;  14;   474;   2;0,00;0,00;1,00;0% (0% - 100%)
Biobío;2020-04-10;  14;   474;   2;0,00;0,00;1,00;0% (0% - 100%)
Metropolitana;2020-04-10; 361;  3193;  29;0,54;0,23;0,77;54% (23% - 77%)
Araucanía;2020-04-09;  20;   689;  16;0,88;0,76;0,24;88% (76% - 24%)
Araucanía;2020-04-09;  20;   689;  16;0,88;0,76;0,24;88% (76% - 24%)
Biobío;2020-04-09;  21;   460;   2;0,00;0,00;1,00;0% (0% - 100%)
Biobío;2020-04-09;  21;   460;   2;0,00;0,00;1,00;0% (0% - 100%)
Biobío;2020-04-09;  21;   460;   2;0,00;0,00;1,00;0% (0% - 100%)
Biobío;2020-04-09;  21;   460;   2;0,00;0,00;1,00;0% (0% - 100%)
Biobío;2020-04-09;  21;   460;   2;0,00;0,00;1,00;0% (0% - 100%)
Biobío;2020-04-09;  21;   460;   2;0,00;0,00;1,00;0% (0% - 100%)
Metropolitana;2020-04-09; 284;  2832;  21;0,42;0,00;1,00;42% (0% - 100%)
Metropolitana;2020-04-09; 284;  2832;  21;0,42;0,00;1,00;42% (0% - 100%)
Metropolitana;2020-04-09; 284;  2832;  21;0,42;0,00;1,00;42% (0% - 100%)
Metropolitana;2020-04-09; 284;  2832;  21;0,42;0,00;1,00;42% (0% - 100%)
Araucanía;2020-04-08;  57;   669;  15;0,89;0,79;0,21;89% (79% - 21%)
Araucanía;2020-04-08;  57;   669;  15;0,89;0,79;0,21;89% (79% - 21%)
Biobío;2020-04-08;  29;   439;   2;0,00;0,00;1,00;0% (0% - 100%)
Biobío;2020-04-08;  29;   439;   2;0,00;0,00;1,00;0% (0% - 100%)
Biobío;2020-04-08;  29;   439;   2;0,00;0,00;1,00;0% (0% - 100%)
Biobío;2020-04-08;  29;   439;   2;0,00;0,00;1,00;0% (0% - 100%)
Biobío;2020-04-08;  29;   439;   2;0,00;0,00;1,00;0% (0% - 100%)
Biobío;2020-04-08;  29;   439;   2;0,00;0,00;1,00;0% (0% - 100%)
Metropolitana;2020-04-08; 198;  2548;  14;0,22;0,00;1,00;22% (0% - 100%)
Metropolitana;2020-04-08; 198;  2548;  14;0,22;0,00;1,00;22% (0% - 100%)
Metropolitana;2020-04-08; 198;  2548;  14;0,22;0,00;1,00;22% (0% - 100%)
Metropolitana;2020-04-08; 198;  2548;  14;0,22;0,00;1,00;22% (0% - 100%)
Araucanía;2020-04-07;  50;   612;  14;0,91;0,82;0,18;91% (82% - 18%)
Araucanía;2020-04-07;  50;   612;  14;0,91;0,82;0,18;91% (82% - 18%)
Biobío;2020-04-07;  27;   410;   2;0,00;0,00;1,00;0% (0% - 100%)
Biobío;2020-04-07;  27;   410;   2;0,00;0,00;1,00;0% (0% - 100%)
Biobío;2020-04-07;  27;   410;   2;0,00;0,00;1,00;0% (0% - 100%)
Biobío;2020-04-07;  27;   410;   2;0,00;0,00;1,00;0% (0% - 100%)
Biobío;2020-04-07;  27;   410;   2;0,00;0,00;1,00;0% (0% - 100%)
Biobío;2020-04-07;  27;   410;   2;0,00;0,00;1,00;0% (0% - 100%)
Metropolitana;2020-04-07; 106;  2350;  12;0,21;0,00;1,00;21% (0% - 100%)
Metropolitana;2020-04-07; 106;  2350;  12;0,21;0,00;1,00;21% (0% - 100%)
Metropolitana;2020-04-07; 106;  2350;  12;0,21;0,00;1,00;21% (0% - 100%)
Metropolitana;2020-04-07; 106;  2350;  12;0,21;0,00;1,00;21% (0% - 100%)
Biobío;2020-04-06;  18;   383;   2;0,16;0,00;1,00;16% (0% - 100%)
Biobío;2020-04-06;  18;   383;   2;0,16;0,00;1,00;16% (0% - 100%)
Biobío;2020-04-06;  18;   383;   2;0,16;0,00;1,00;16% (0% - 100%)
Biobío;2020-04-06;  18;   383;   2;0,16;0,00;1,00;16% (0% - 100%)
Biobío;2020-04-06;  18;   383;   2;0,16;0,00;1,00;16% (0% - 100%)
Biobío;2020-04-06;  18;   383;   2;0,16;0,00;1,00;16% (0% - 100%)
Metropolitana;2020-04-06; 142;  2244;  10;0,17;0,00;1,00;17% (0% - 100%)
Metropolitana;2020-04-06; 142;  2244;  10;0,17;0,00;1,00;17% (0% - 100%)
Metropolitana;2020-04-06; 142;  2244;  10;0,17;0,00;1,00;17% (0% - 100%)
Metropolitana;2020-04-06; 142;  2244;  10;0,17;0,00;1,00;17% (0% - 100%)
Biobío;2020-04-05;  18;   365;   2;0,35;0,00;1,00;35% (0% - 100%)
Biobío;2020-04-05;  18;   365;   2;0,35;0,00;1,00;35% (0% - 100%)
Biobío;2020-04-05;  18;   365;   2;0,35;0,00;1,00;35% (0% - 100%)
Biobío;2020-04-05;  18;   365;   2;0,35;0,00;1,00;35% (0% - 100%)
Biobío;2020-04-05;  18;   365;   2;0,35;0,00;1,00;35% (0% - 100%)
Biobío;2020-04-05;  18;   365;   2;0,35;0,00;1,00;35% (0% - 100%)
Metropolitana;2020-04-05; 145;  2102;  10;0,30;0,00;1,00;30% (0% - 100%)
Metropolitana;2020-04-05; 145;  2102;  10;0,30;0,00;1,00;30% (0% - 100%)
Metropolitana;2020-04-05; 145;  2102;  10;0,30;0,00;1,00;30% (0% - 100%)
Metropolitana;2020-04-05; 145;  2102;  10;0,30;0,00;1,00;30% (0% - 100%)
Biobío;2020-04-04;  45;   347;   2;0,51;0,00;1,00;51% (0% - 100%)
Biobío;2020-04-04;  45;   347;   2;0,51;0,00;1,00;51% (0% - 100%)
Biobío;2020-04-04;  45;   347;   2;0,51;0,00;1,00;51% (0% - 100%)
Biobío;2020-04-04;  45;   347;   2;0,51;0,00;1,00;51% (0% - 100%)
Biobío;2020-04-04;  45;   347;   2;0,51;0,00;1,00;51% (0% - 100%)
Biobío;2020-04-04;  45;   347;   2;0,51;0,00;1,00;51% (0% - 100%)
Metropolitana;2020-04-04; 215;  1957;   9;0,35;0,00;1,00;35% (0% - 100%)
Metropolitana;2020-04-04; 215;  1957;   9;0,35;0,00;1,00;35% (0% - 100%)
Metropolitana;2020-04-04; 215;  1957;   9;0,35;0,00;1,00;35% (0% - 100%)
Metropolitana;2020-04-04; 215;  1957;   9;0,35;0,00;1,00;35% (0% - 100%)
Biobío;2020-04-03;  27;   302;   2;0,65;0,00;1,00;65% (0% - 100%)
Biobío;2020-04-03;  27;   302;   2;0,65;0,00;1,00;65% (0% - 100%)
Biobío;2020-04-03;  27;   302;   2;0,65;0,00;1,00;65% (0% - 100%)
Biobío;2020-04-03;  27;   302;   2;0,65;0,00;1,00;65% (0% - 100%)
Biobío;2020-04-03;  27;   302;   2;0,65;0,00;1,00;65% (0% - 100%)
Biobío;2020-04-03;  27;   302;   2;0,65;0,00;1,00;65% (0% - 100%)
Metropolitana;2020-04-03; 106;  1742;   8;0,40;0,00;1,00;40% (0% - 100%)
Metropolitana;2020-04-03; 106;  1742;   8;0,40;0,00;1,00;40% (0% - 100%)
Metropolitana;2020-04-03; 106;  1742;   8;0,40;0,00;1,00;40% (0% - 100%)
Metropolitana;2020-04-03; 106;  1742;   8;0,40;0,00;1,00;40% (0% - 100%)
Metropolitana;2020-04-02; 115;  1636;   6;0,35;0,00;1,00;35% (0% - 100%)
Metropolitana;2020-04-02; 115;  1636;   6;0,35;0,00;1,00;35% (0% - 100%)
Metropolitana;2020-04-02; 115;  1636;   6;0,35;0,00;1,00;35% (0% - 100%)
Metropolitana;2020-04-02; 115;  1636;   6;0,35;0,00;1,00;35% (0% - 100%)
Metropolitana;2020-04-01; 101;  1521;   5;0,39;0,00;1,00;39% (0% - 100%)
Metropolitana;2020-04-01; 101;  1521;   5;0,39;0,00;1,00;39% (0% - 100%)
Metropolitana;2020-04-01; 101;  1521;   5;0,39;0,00;1,00;39% (0% - 100%)
Metropolitana;2020-04-01; 101;  1521;   5;0,39;0,00;1,00;39% (0% - 100%)
Metropolitana;2020-03-31; 125;  1420;   4;0,43;0,00;1,00;43% (0% - 100%)
Metropolitana;2020-03-31; 125;  1420;   4;0,43;0,00;1,00;43% (0% - 100%)
